18:54:19.851 [main] INFO org.springframework.test.context.support.AnnotationConfigContextLoaderUtils -- Could not detect default configuration classes for test class [ma.mysuguclientapp.GoogleAuthHttpFlowE2ETest]: GoogleAuthHttpFlowE2ETest does not declare any static, non-private, non-final, nested classes annotated with @Configuration.
18:54:20.788 [main] INFO org.springframework.boot.test.context.SpringBootTestContextBootstrapper -- Found @SpringBootConfiguration ma.mysuguclientapp.MySuguClientAppApplication for test class ma.mysuguclientapp.GoogleAuthHttpFlowE2ETest

  .   ____          _            __ _ _
 /\\ / ___'_ __ _ _(_)_ __  __ _ \ \ \ \
( ( )\___ | '_ | '_| | '_ \/ _` | \ \ \ \
 \\/  ___)| |_)| | | | | || (_| |  ) ) ) )
  '  |____| .__|_| |_|_| |_\__, | / / / /
 =========|_|==============|___/=/_/_/_/

 :: Spring Boot ::                (v4.0.2)

2026-07-12T18:54:22.881+01:00  INFO 66028 --- [MySuguClientApp-test] [           main] m.m.GoogleAuthHttpFlowE2ETest            : Starting GoogleAuthHttpFlowE2ETest using Java 21.0.11 with PID 66028 (started by issiaka in /mnt/c/Users/Issiaka traoré/Desktop/systalink/mysugu/mysugu-app-api-dev)
2026-07-12T18:54:22.883+01:00  INFO 66028 --- [MySuguClientApp-test] [           main] m.m.GoogleAuthHttpFlowE2ETest            : No active profile set, falling back to 1 default profile: "default"
2026-07-12T18:54:35.379+01:00  INFO 66028 --- [MySuguClientApp-test] [           main] .s.d.r.c.RepositoryConfigurationDelegate : Bootstrapping Spring Data JPA repositories in DEFAULT mode.
2026-07-12T18:54:38.466+01:00  INFO 66028 --- [MySuguClientApp-test] [           main] .s.d.r.c.RepositoryConfigurationDelegate : Finished Spring Data repository scanning in 3049 ms. Found 47 JPA repository interfaces.
2026-07-12T18:54:40.830+01:00  INFO 66028 --- [MySuguClientApp-test] [           main] o.s.boot.tomcat.TomcatWebServer          : Tomcat initialized with port 0 (http)
2026-07-12T18:54:40.898+01:00  INFO 66028 --- [MySuguClientApp-test] [           main] o.apache.catalina.core.StandardService   : Starting service [Tomcat]
2026-07-12T18:54:40.898+01:00  INFO 66028 --- [MySuguClientApp-test] [           main] o.apache.catalina.core.StandardEngine    : Starting Servlet engine: [Apache Tomcat/11.0.15]
2026-07-12T18:54:41.045+01:00  INFO 66028 --- [MySuguClientApp-test] [           main] b.w.c.s.WebApplicationContextInitializer : Root WebApplicationContext: initialization completed in 18075 ms
2026-07-12T18:54:42.760+01:00  INFO 66028 --- [MySuguClientApp-test] [           main] org.hibernate.orm.jpa                    : HHH008540: Processing PersistenceUnitInfo [name: default]
2026-07-12T18:54:43.155+01:00  INFO 66028 --- [MySuguClientApp-test] [           main] org.hibernate.orm.core                   : HHH000001: Hibernate ORM core version 7.2.1.Final
2026-07-12T18:54:46.141+01:00  INFO 66028 --- [MySuguClientApp-test] [           main] o.s.o.j.p.SpringPersistenceUnitInfo      : No LoadTimeWeaver setup: ignoring JPA class transformer
2026-07-12T18:54:46.410+01:00  INFO 66028 --- [MySuguClientApp-test] [           main] com.zaxxer.hikari.HikariDataSource       : HikariPool-1 - Starting...
2026-07-12T18:54:47.169+01:00  INFO 66028 --- [MySuguClientApp-test] [           main] com.zaxxer.hikari.pool.HikariPool        : HikariPool-1 - Added connection org.postgresql.jdbc.PgConnection@59043128
2026-07-12T18:54:47.182+01:00  INFO 66028 --- [MySuguClientApp-test] [           main] com.zaxxer.hikari.HikariDataSource       : HikariPool-1 - Start completed.
2026-07-12T18:54:47.356+01:00  WARN 66028 --- [MySuguClientApp-test] [           main] org.hibernate.orm.deprecation            : HHH90000025: PostgreSQLDialect does not need to be specified explicitly using 'hibernate.dialect' (remove the property setting and it will be selected by default)
2026-07-12T18:54:47.508+01:00  INFO 66028 --- [MySuguClientApp-test] [           main] org.hibernate.orm.connections.pooling    : HHH10001005: Database info:
	Database JDBC URL [jdbc:postgresql://127.0.0.1:5433/mysugu_test]
	Database driver: PostgreSQL JDBC Driver
	Database dialect: PostgreSQLDialect
	Database version: 16.13
	Default catalog/schema: mysugu_test/public
	Autocommit mode: undefined/unknown
	Isolation level: READ_COMMITTED [default READ_COMMITTED]
	JDBC fetch size: none
	Pool: DataSourceConnectionProvider
	Minimum pool size: undefined/unknown
	Maximum pool size: undefined/unknown
2026-07-12T18:54:56.069+01:00  INFO 66028 --- [MySuguClientApp-test] [           main] org.hibernate.orm.core                   : HHH000489: No JTA platform available (set 'hibernate.transaction.jta.platform' to enable JTA platform integration)
2026-07-12T18:54:57.343+01:00  WARN 66028 --- [MySuguClientApp-test] [           main] org.hibernate.orm.jdbc.warn              : HHH000247: ErrorCode: 0, SQLState: 00000
2026-07-12T18:54:57.344+01:00  WARN 66028 --- [MySuguClientApp-test] [           main] org.hibernate.orm.jdbc.warn              : constraint "ukluy16hqawc5711bcu0eswpvyb" of relation "avis" does not exist, skipping
2026-07-12T18:54:57.361+01:00  WARN 66028 --- [MySuguClientApp-test] [           main] org.hibernate.orm.jdbc.warn              : HHH000247: ErrorCode: 0, SQLState: 00000
2026-07-12T18:54:57.361+01:00  WARN 66028 --- [MySuguClientApp-test] [           main] org.hibernate.orm.jdbc.warn              : constraint "uk3u24ouhcnrbx36iggrnlvt4m2" of relation "caisses_livreur" does not exist, skipping
2026-07-12T18:54:57.376+01:00  WARN 66028 --- [MySuguClientApp-test] [           main] org.hibernate.orm.jdbc.warn              : HHH000247: ErrorCode: 0, SQLState: 00000
2026-07-12T18:54:57.376+01:00  WARN 66028 --- [MySuguClientApp-test] [           main] org.hibernate.orm.jdbc.warn              : constraint "ukkntee8mcehelwcs7fnp7e15lv" of relation "categories_restaurant" does not exist, skipping
2026-07-12T18:54:57.391+01:00  WARN 66028 --- [MySuguClientApp-test] [           main] org.hibernate.orm.jdbc.warn              : HHH000247: ErrorCode: 0, SQLState: 00000
2026-07-12T18:54:57.391+01:00  WARN 66028 --- [MySuguClientApp-test] [           main] org.hibernate.orm.jdbc.warn              : constraint "uk96ahx61k659k5apvbdj1ygkwu" of relation "codes_promo" does not exist, skipping
2026-07-12T18:54:57.404+01:00  WARN 66028 --- [MySuguClientApp-test] [           main] org.hibernate.orm.jdbc.warn              : HHH000247: ErrorCode: 0, SQLState: 00000
2026-07-12T18:54:57.405+01:00  WARN 66028 --- [MySuguClientApp-test] [           main] org.hibernate.orm.jdbc.warn              : constraint "uk6khl59j2hyfmuyqljjn6let1d" of relation "commandes" does not exist, skipping
2026-07-12T18:54:57.419+01:00  WARN 66028 --- [MySuguClientApp-test] [           main] org.hibernate.orm.jdbc.warn              : HHH000247: ErrorCode: 0, SQLState: 00000
2026-07-12T18:54:57.419+01:00  WARN 66028 --- [MySuguClientApp-test] [           main] org.hibernate.orm.jdbc.warn              : constraint "uko495ij1jfri3rr8tb0hawqvqp" of relation "commandes" does not exist, skipping
2026-07-12T18:54:57.437+01:00  WARN 66028 --- [MySuguClientApp-test] [           main] org.hibernate.orm.jdbc.warn              : HHH000247: ErrorCode: 0, SQLState: 00000
2026-07-12T18:54:57.437+01:00  WARN 66028 --- [MySuguClientApp-test] [           main] org.hibernate.orm.jdbc.warn              : constraint "uk_conversation_client_restaurant" of relation "conversations" does not exist, skipping
2026-07-12T18:54:57.455+01:00  WARN 66028 --- [MySuguClientApp-test] [           main] org.hibernate.orm.jdbc.warn              : HHH000247: ErrorCode: 0, SQLState: 00000
2026-07-12T18:54:57.456+01:00  WARN 66028 --- [MySuguClientApp-test] [           main] org.hibernate.orm.jdbc.warn              : constraint "ukc0gup5gqq3pqvolpxlvsd09po" of relation "dettes_restaurant" does not exist, skipping
2026-07-12T18:54:57.474+01:00  WARN 66028 --- [MySuguClientApp-test] [           main] org.hibernate.orm.jdbc.warn              : HHH000247: ErrorCode: 0, SQLState: 00000
2026-07-12T18:54:57.474+01:00  WARN 66028 --- [MySuguClientApp-test] [           main] org.hibernate.orm.jdbc.warn              : constraint "ukc3lmp7xwxajkc2ibu9ebyl1p2" of relation "device_tokens" does not exist, skipping
2026-07-12T18:54:57.489+01:00  WARN 66028 --- [MySuguClientApp-test] [           main] org.hibernate.orm.jdbc.warn              : HHH000247: ErrorCode: 0, SQLState: 00000
2026-07-12T18:54:57.489+01:00  WARN 66028 --- [MySuguClientApp-test] [           main] org.hibernate.orm.jdbc.warn              : constraint "ukh10w1pofg5l6udkct4bbstilo" of relation "favoris" does not exist, skipping
2026-07-12T18:54:57.505+01:00  WARN 66028 --- [MySuguClientApp-test] [           main] org.hibernate.orm.jdbc.warn              : HHH000247: ErrorCode: 0, SQLState: 00000
2026-07-12T18:54:57.505+01:00  WARN 66028 --- [MySuguClientApp-test] [           main] org.hibernate.orm.jdbc.warn              : constraint "uknhi37l27gibna2m66x8gpl1vm" of relation "gains_livreur" does not exist, skipping
2026-07-12T18:54:57.532+01:00  WARN 66028 --- [MySuguClientApp-test] [           main] org.hibernate.orm.jdbc.warn              : HHH000247: ErrorCode: 0, SQLState: 00000
2026-07-12T18:54:57.533+01:00  WARN 66028 --- [MySuguClientApp-test] [           main] org.hibernate.orm.jdbc.warn              : constraint "uk1tiryrv7x9fxp06vgqm8r9d9f" of relation "menu_plats" does not exist, skipping
2026-07-12T18:54:57.624+01:00  WARN 66028 --- [MySuguClientApp-test] [           main] org.hibernate.orm.jdbc.warn              : HHH000247: ErrorCode: 0, SQLState: 00000
2026-07-12T18:54:57.624+01:00  WARN 66028 --- [MySuguClientApp-test] [           main] org.hibernate.orm.jdbc.warn              : constraint "uk2f2pygdeq6j1wbt0gspykp4c6" of relation "paniers" does not exist, skipping
2026-07-12T18:54:57.642+01:00  WARN 66028 --- [MySuguClientApp-test] [           main] org.hibernate.orm.jdbc.warn              : HHH000247: ErrorCode: 0, SQLState: 00000
2026-07-12T18:54:57.642+01:00  WARN 66028 --- [MySuguClientApp-test] [           main] org.hibernate.orm.jdbc.warn              : constraint "uk4j5tfqps7h5j0hbuqd3trjfbg" of relation "parametres_paiement_restaurant" does not exist, skipping
2026-07-12T18:54:57.657+01:00  WARN 66028 --- [MySuguClientApp-test] [           main] org.hibernate.orm.jdbc.warn              : HHH000247: ErrorCode: 0, SQLState: 00000
2026-07-12T18:54:57.658+01:00  WARN 66028 --- [MySuguClientApp-test] [           main] org.hibernate.orm.jdbc.warn              : constraint "ukn783l2smikx9mfqa8pyu5sexu" of relation "points_fidelite" does not exist, skipping
2026-07-12T18:54:57.678+01:00  WARN 66028 --- [MySuguClientApp-test] [           main] org.hibernate.orm.jdbc.warn              : HHH000247: ErrorCode: 0, SQLState: 00000
2026-07-12T18:54:57.679+01:00  WARN 66028 --- [MySuguClientApp-test] [           main] org.hibernate.orm.jdbc.warn              : constraint "ukjdho73ymbyu46p2hh562dk4kk" of relation "promotions" does not exist, skipping
2026-07-12T18:54:57.692+01:00  WARN 66028 --- [MySuguClientApp-test] [           main] org.hibernate.orm.jdbc.warn              : HHH000247: ErrorCode: 0, SQLState: 00000
2026-07-12T18:54:57.693+01:00  WARN 66028 --- [MySuguClientApp-test] [           main] org.hibernate.orm.jdbc.warn              : constraint "ukghpmfn23vmxfu3spu3lfg4r2d" of relation "refresh_tokens" does not exist, skipping
2026-07-12T18:54:57.709+01:00  WARN 66028 --- [MySuguClientApp-test] [           main] org.hibernate.orm.jdbc.warn              : HHH000247: ErrorCode: 0, SQLState: 00000
2026-07-12T18:54:57.709+01:00  WARN 66028 --- [MySuguClientApp-test] [           main] org.hibernate.orm.jdbc.warn              : constraint "ukdjkksm4vjhb4assxc6v1wb44h" of relation "restaurant_employes" does not exist, skipping
2026-07-12T18:54:57.722+01:00  WARN 66028 --- [MySuguClientApp-test] [           main] org.hibernate.orm.jdbc.warn              : HHH000247: ErrorCode: 0, SQLState: 00000
2026-07-12T18:54:57.723+01:00  WARN 66028 --- [MySuguClientApp-test] [           main] org.hibernate.orm.jdbc.warn              : constraint "uklk9ib7tye3jj5e6nj4pxx1kt1" of relation "services_categories" does not exist, skipping
2026-07-12T18:54:57.757+01:00  WARN 66028 --- [MySuguClientApp-test] [           main] org.hibernate.orm.jdbc.warn              : HHH000247: ErrorCode: 0, SQLState: 00000
2026-07-12T18:54:57.758+01:00  WARN 66028 --- [MySuguClientApp-test] [           main] org.hibernate.orm.jdbc.warn              : constraint "uk9khubx67gacwl9rsfoqnssekk" of relation "tokens_blacklist" does not exist, skipping
2026-07-12T18:54:57.776+01:00  WARN 66028 --- [MySuguClientApp-test] [           main] org.hibernate.orm.jdbc.warn              : HHH000247: ErrorCode: 0, SQLState: 00000
2026-07-12T18:54:57.776+01:00  WARN 66028 --- [MySuguClientApp-test] [           main] org.hibernate.orm.jdbc.warn              : constraint "uk90gyhqyaou2lu46w3a768wscs" of relation "tokens_verification" does not exist, skipping
2026-07-12T18:54:57.792+01:00  WARN 66028 --- [MySuguClientApp-test] [           main] org.hibernate.orm.jdbc.warn              : HHH000247: ErrorCode: 0, SQLState: 00000
2026-07-12T18:54:57.792+01:00  WARN 66028 --- [MySuguClientApp-test] [           main] org.hibernate.orm.jdbc.warn              : constraint "ukskdjk1hmstgrlv9rmcah0s678" of relation "users" does not exist, skipping
2026-07-12T18:54:57.806+01:00  WARN 66028 --- [MySuguClientApp-test] [           main] org.hibernate.orm.jdbc.warn              : HHH000247: ErrorCode: 0, SQLState: 00000
2026-07-12T18:54:57.806+01:00  WARN 66028 --- [MySuguClientApp-test] [           main] org.hibernate.orm.jdbc.warn              : constraint "uk6dotkott2kjsp8vw4d0m25fb7" of relation "users" does not exist, skipping
2026-07-12T18:54:57.821+01:00  WARN 66028 --- [MySuguClientApp-test] [           main] org.hibernate.orm.jdbc.warn              : HHH000247: ErrorCode: 0, SQLState: 00000
2026-07-12T18:54:57.822+01:00  WARN 66028 --- [MySuguClientApp-test] [           main] org.hibernate.orm.jdbc.warn              : constraint "ukbfkq75k9libkmsigbqm7dfm9n" of relation "utilisations_code_promo" does not exist, skipping
2026-07-12T18:54:57.837+01:00  WARN 66028 --- [MySuguClientApp-test] [           main] org.hibernate.orm.jdbc.warn              : HHH000247: ErrorCode: 0, SQLState: 00000
2026-07-12T18:54:57.838+01:00  WARN 66028 --- [MySuguClientApp-test] [           main] org.hibernate.orm.jdbc.warn              : constraint "uksswfdl9fq40xlkove1y5kc7kv" of relation "wallets" does not exist, skipping
2026-07-12T18:54:57.852+01:00  WARN 66028 --- [MySuguClientApp-test] [           main] org.hibernate.orm.jdbc.warn              : HHH000247: ErrorCode: 0, SQLState: 00000
2026-07-12T18:54:57.852+01:00  WARN 66028 --- [MySuguClientApp-test] [           main] org.hibernate.orm.jdbc.warn              : constraint "ukmbd80gplgh9qwf1cpi3nhmxfn" of relation "zones_deploiement" does not exist, skipping
2026-07-12T18:54:58.262+01:00  INFO 66028 --- [MySuguClientApp-test] [           main] j.LocalContainerEntityManagerFactoryBean : Initialized JPA EntityManagerFactory for persistence unit 'default'
2026-07-12T18:54:58.516+01:00  INFO 66028 --- [MySuguClientApp-test] [           main] o.s.d.j.r.query.QueryEnhancerFactories   : Hibernate is in classpath; If applicable, HQL parser will be used.
2026-07-12T18:55:01.652+01:00  INFO 66028 --- [MySuguClientApp-test] [           main] m.mysuguclientapp.config.FirebaseConfig  : Firebase FCM désactivé (firebase.enabled=false).
2026-07-12T18:55:02.345+01:00  INFO 66028 --- [MySuguClientApp-test] [           main] m.m.config.MinioInitializer              : Initialisation des buckets MinIO...
2026-07-12T18:55:02.773+01:00 ERROR 66028 --- [MySuguClientApp-test] [           main] m.m.s.implementations.MinioService       : Erreur lors de l'initialisation du bucket MinIO

java.net.ConnectException: Failed to connect to /127.0.0.1:9999
	at okhttp3.internal.connection.RealConnection.connectSocket(RealConnection.kt:297) ~[okhttp-4.12.0.jar:na]
	at okhttp3.internal.connection.RealConnection.connect(RealConnection.kt:207) ~[okhttp-4.12.0.jar:na]
	at okhttp3.internal.connection.ExchangeFinder.findConnection(ExchangeFinder.kt:226) ~[okhttp-4.12.0.jar:na]
	at okhttp3.internal.connection.ExchangeFinder.findHealthyConnection(ExchangeFinder.kt:106) ~[okhttp-4.12.0.jar:na]
	at okhttp3.internal.connection.ExchangeFinder.find(ExchangeFinder.kt:74) ~[okhttp-4.12.0.jar:na]
	at okhttp3.internal.connection.RealCall.initExchange$okhttp(RealCall.kt:255) ~[okhttp-4.12.0.jar:na]
	at okhttp3.internal.connection.ConnectInterceptor.intercept(ConnectInterceptor.kt:32) ~[okhttp-4.12.0.jar:na]
	at okhttp3.internal.http.RealInterceptorChain.proceed(RealInterceptorChain.kt:109) ~[okhttp-4.12.0.jar:na]
	at okhttp3.internal.cache.CacheInterceptor.intercept(CacheInterceptor.kt:95) ~[okhttp-4.12.0.jar:na]
	at okhttp3.internal.http.RealInterceptorChain.proceed(RealInterceptorChain.kt:109) ~[okhttp-4.12.0.jar:na]
	at okhttp3.internal.http.BridgeInterceptor.intercept(BridgeInterceptor.kt:83) ~[okhttp-4.12.0.jar:na]
	at okhttp3.internal.http.RealInterceptorChain.proceed(RealInterceptorChain.kt:109) ~[okhttp-4.12.0.jar:na]
	at okhttp3.internal.http.RetryAndFollowUpInterceptor.intercept(RetryAndFollowUpInterceptor.kt:76) ~[okhttp-4.12.0.jar:na]
	at okhttp3.internal.http.RealInterceptorChain.proceed(RealInterceptorChain.kt:109) ~[okhttp-4.12.0.jar:na]
	at okhttp3.internal.connection.RealCall.getResponseWithInterceptorChain$okhttp(RealCall.kt:201) ~[okhttp-4.12.0.jar:na]
	at okhttp3.internal.connection.RealCall$AsyncCall.run(RealCall.kt:517) ~[okhttp-4.12.0.jar:na]
	at java.base/java.util.concurrent.ThreadPoolExecutor.runWorker(ThreadPoolExecutor.java:1144) ~[na:na]
	at java.base/java.util.concurrent.ThreadPoolExecutor$Worker.run(ThreadPoolExecutor.java:642) ~[na:na]
	at java.base/java.lang.Thread.run(Thread.java:1583) ~[na:na]
Caused by: java.net.ConnectException: Connection refused
	at java.base/sun.nio.ch.Net.pollConnect(Native Method) ~[na:na]
	at java.base/sun.nio.ch.Net.pollConnectNow(Net.java:694) ~[na:na]
	at java.base/sun.nio.ch.NioSocketImpl.timedFinishConnect(NioSocketImpl.java:542) ~[na:na]
	at java.base/sun.nio.ch.NioSocketImpl.connect(NioSocketImpl.java:592) ~[na:na]
	at java.base/java.net.SocksSocketImpl.connect(SocksSocketImpl.java:327) ~[na:na]
	at java.base/java.net.Socket.connect(Socket.java:751) ~[na:na]
	at okhttp3.internal.platform.Platform.connectSocket(Platform.kt:128) ~[okhttp-4.12.0.jar:na]
	at okhttp3.internal.connection.RealConnection.connectSocket(RealConnection.kt:295) ~[okhttp-4.12.0.jar:na]
	... 18 common frames omitted

2026-07-12T18:55:02.781+01:00  INFO 66028 --- [MySuguClientApp-test] [           main] m.m.config.MinioInitializer              : Buckets MinIO initialisés avec succès
2026-07-12T18:55:02.799+01:00  INFO 66028 --- [MySuguClientApp-test] [           main] ma.mysuguclientapp.config.StripeConfig   : Stripe désactivé ou clé API non configurée — paiements par carte ignorés
2026-07-12T18:55:07.861+01:00  WARN 66028 --- [MySuguClientApp-test] [           main] JpaBaseConfiguration$JpaWebConfiguration : spring.jpa.open-in-view is enabled by default. Therefore, database queries may be performed during view rendering. Explicitly configure spring.jpa.open-in-view to disable this warning
2026-07-12T18:55:08.632+01:00  INFO 66028 --- [MySuguClientApp-test] [           main] eAuthenticationProviderManagerConfigurer : Global AuthenticationManager configured with AuthenticationProvider bean with name authenticationProvider
2026-07-12T18:55:08.633+01:00  WARN 66028 --- [MySuguClientApp-test] [           main] r$InitializeUserDetailsManagerConfigurer : Global AuthenticationManager configured with an AuthenticationProvider bean. UserDetailsService beans will not be used by Spring Security for automatically configuring username/password login. Consider removing the AuthenticationProvider bean. Alternatively, consider using the UserDetailsService in a manually instantiated DaoAuthenticationProvider. If the current configuration is intentional, to turn off this warning, increase the logging level of 'org.springframework.security.config.annotation.authentication.configuration.InitializeUserDetailsBeanManagerConfigurer' to ERROR
2026-07-12T18:55:11.277+01:00  INFO 66028 --- [MySuguClientApp-test] [           main] o.s.b.a.e.web.EndpointLinksResolver      : Exposing 1 endpoint beneath base path '/actuator'
2026-07-12T18:55:11.495+01:00  INFO 66028 --- [MySuguClientApp-test] [           main] o.s.m.s.b.SimpleBrokerMessageHandler     : Starting...
2026-07-12T18:55:11.496+01:00  INFO 66028 --- [MySuguClientApp-test] [           main] o.s.m.s.b.SimpleBrokerMessageHandler     : BrokerAvailabilityEvent[available=true, SimpleBrokerMessageHandler [org.springframework.messaging.simp.broker.DefaultSubscriptionRegistry@56c8cc3]]
2026-07-12T18:55:11.498+01:00  INFO 66028 --- [MySuguClientApp-test] [           main] o.s.m.s.b.SimpleBrokerMessageHandler     : Started.
2026-07-12T18:55:11.534+01:00  INFO 66028 --- [MySuguClientApp-test] [           main] o.s.boot.tomcat.TomcatWebServer          : Tomcat started on port 46195 (http) with context path '/'
2026-07-12T18:55:11.558+01:00  INFO 66028 --- [MySuguClientApp-test] [           main] m.m.GoogleAuthHttpFlowE2ETest            : Started GoogleAuthHttpFlowE2ETest in 50.016 seconds (process running for 55.595)
2026-07-12T18:55:12.374+01:00  INFO 66028 --- [MySuguClientApp-test] [           main] m.m.config.ParametresCaisseInitializer   : ParametresCaisse singleton (id=1) initialise.
2026-07-12T18:55:12.472+01:00  INFO 66028 --- [MySuguClientApp-test] [           main] m.m.config.FiltreInitializer             : Filtres par défaut semés: 14
Mockito is currently self-attaching to enable the inline-mock-maker. This will no longer work in future releases of the JDK. Please add Mockito as an agent to your build as described in Mockito's documentation: https://javadoc.io/doc/org.mockito/mockito-core/latest/org.mockito/org/mockito/Mockito.html#0.3
OpenJDK 64-Bit Server VM warning: Sharing is only supported for boot loader classes because bootstrap classpath has been appended
WARNING: A Java agent has been loaded dynamically (/home/issiaka/.m2/repository/net/bytebuddy/byte-buddy-agent/1.17.8/byte-buddy-agent-1.17.8.jar)
WARNING: If a serviceability tool is in use, please run with -XX:+EnableDynamicAgentLoading to hide this warning
WARNING: If a serviceability tool is not in use, please run with -Djdk.instrument.traceUsage for more information
WARNING: Dynamic loading of agents will be disallowed by default in a future release
2026-07-12T18:55:14.160+01:00  INFO 66028 --- [MySuguClientApp-test] [o-auto-1-exec-1] o.a.c.c.C.[Tomcat].[localhost].[/]       : Initializing Spring DispatcherServlet 'dispatcherServlet'
2026-07-12T18:55:14.161+01:00  INFO 66028 --- [MySuguClientApp-test] [o-auto-1-exec-1] o.s.web.servlet.DispatcherServlet        : Initializing Servlet 'dispatcherServlet'
2026-07-12T18:55:14.163+01:00  INFO 66028 --- [MySuguClientApp-test] [o-auto-1-exec-1] o.s.web.servlet.DispatcherServlet        : Completed initialization in 2 ms
2026-07-12T18:55:15.157+01:00  INFO 66028 --- [MySuguClientApp-test] [o-auto-1-exec-1] m.m.s.implementations.UserServiceImpl    : Connexion Google réussie pour: google.auth.e2e@mysugu.test
2026-07-12T18:55:15.995+01:00  INFO 66028 --- [MySuguClientApp-test] [           main] t.c.s.AnnotationConfigContextLoaderUtils : Could not detect default configuration classes for test class [ma.mysuguclientapp.legacy.DeliveryManShimContractTest]: DeliveryManShimContractTest does not declare any static, non-private, non-final, nested classes annotated with @Configuration.
2026-07-12T18:55:16.977+01:00  INFO 66028 --- [MySuguClientApp-test] [           main] .b.t.c.SpringBootTestContextBootstrapper : Found @SpringBootConfiguration ma.mysuguclientapp.MySuguClientAppApplication for test class ma.mysuguclientapp.legacy.DeliveryManShimContractTest
2026-07-12T18:55:16.985+01:00  INFO 66028 --- [MySuguClientApp-test] [           main] o.s.m.s.b.SimpleBrokerMessageHandler     : Stopping...
2026-07-12T18:55:16.985+01:00  INFO 66028 --- [MySuguClientApp-test] [           main] o.s.m.s.b.SimpleBrokerMessageHandler     : BrokerAvailabilityEvent[available=false, SimpleBrokerMessageHandler [org.springframework.messaging.simp.broker.DefaultSubscriptionRegistry@56c8cc3]]
2026-07-12T18:55:16.986+01:00  INFO 66028 --- [MySuguClientApp-test] [           main] o.s.m.s.b.SimpleBrokerMessageHandler     : Stopped.

  .   ____          _            __ _ _
 /\\ / ___'_ __ _ _(_)_ __  __ _ \ \ \ \
( ( )\___ | '_ | '_| | '_ \/ _` | \ \ \ \
 \\/  ___)| |_)| | | | | || (_| |  ) ) ) )
  '  |____| .__|_| |_|_| |_\__, | / / / /
 =========|_|==============|___/=/_/_/_/

 :: Spring Boot ::                (v4.0.2)

2026-07-12T18:55:17.110+01:00  INFO 66028 --- [MySuguClientApp-test] [           main] m.m.legacy.DeliveryManShimContractTest   : Starting DeliveryManShimContractTest using Java 21.0.11 with PID 66028 (started by issiaka in /mnt/c/Users/Issiaka traoré/Desktop/systalink/mysugu/mysugu-app-api-dev)
2026-07-12T18:55:17.111+01:00  INFO 66028 --- [MySuguClientApp-test] [           main] m.m.legacy.DeliveryManShimContractTest   : No active profile set, falling back to 1 default profile: "default"
2026-07-12T18:55:26.268+01:00  INFO 66028 --- [MySuguClientApp-test] [           main] .s.d.r.c.RepositoryConfigurationDelegate : Bootstrapping Spring Data JPA repositories in DEFAULT mode.
2026-07-12T18:55:28.579+01:00  INFO 66028 --- [MySuguClientApp-test] [           main] .s.d.r.c.RepositoryConfigurationDelegate : Finished Spring Data repository scanning in 2305 ms. Found 47 JPA repository interfaces.
2026-07-12T18:55:29.839+01:00  INFO 66028 --- [MySuguClientApp-test] [           main] o.s.boot.tomcat.TomcatWebServer          : Tomcat initialized with port 0 (http)
2026-07-12T18:55:29.841+01:00  INFO 66028 --- [MySuguClientApp-test] [           main] o.apache.catalina.core.StandardService   : Starting service [Tomcat]
2026-07-12T18:55:29.842+01:00  INFO 66028 --- [MySuguClientApp-test] [           main] o.apache.catalina.core.StandardEngine    : Starting Servlet engine: [Apache Tomcat/11.0.15]
2026-07-12T18:55:29.913+01:00  INFO 66028 --- [MySuguClientApp-test] [           main] b.w.c.s.WebApplicationContextInitializer : Root WebApplicationContext: initialization completed in 12796 ms
2026-07-12T18:55:31.222+01:00  INFO 66028 --- [MySuguClientApp-test] [           main] org.hibernate.orm.jpa                    : HHH008540: Processing PersistenceUnitInfo [name: default]
2026-07-12T18:55:31.762+01:00  INFO 66028 --- [MySuguClientApp-test] [           main] o.s.o.j.p.SpringPersistenceUnitInfo      : No LoadTimeWeaver setup: ignoring JPA class transformer
2026-07-12T18:55:31.776+01:00  INFO 66028 --- [MySuguClientApp-test] [           main] com.zaxxer.hikari.HikariDataSource       : HikariPool-2 - Starting...
2026-07-12T18:55:31.850+01:00  INFO 66028 --- [MySuguClientApp-test] [           main] com.zaxxer.hikari.pool.HikariPool        : HikariPool-2 - Added connection org.postgresql.jdbc.PgConnection@5579a66e
2026-07-12T18:55:31.852+01:00  INFO 66028 --- [MySuguClientApp-test] [           main] com.zaxxer.hikari.HikariDataSource       : HikariPool-2 - Start completed.
2026-07-12T18:55:31.860+01:00  WARN 66028 --- [MySuguClientApp-test] [           main] org.hibernate.orm.deprecation            : HHH90000025: PostgreSQLDialect does not need to be specified explicitly using 'hibernate.dialect' (remove the property setting and it will be selected by default)
2026-07-12T18:55:31.871+01:00  INFO 66028 --- [MySuguClientApp-test] [           main] org.hibernate.orm.connections.pooling    : HHH10001005: Database info:
	Database JDBC URL [jdbc:postgresql://127.0.0.1:5433/mysugu_test]
	Database driver: PostgreSQL JDBC Driver
	Database dialect: PostgreSQLDialect
	Database version: 16.13
	Default catalog/schema: mysugu_test/public
	Autocommit mode: undefined/unknown
	Isolation level: READ_COMMITTED [default READ_COMMITTED]
	JDBC fetch size: none
	Pool: DataSourceConnectionProvider
	Minimum pool size: undefined/unknown
	Maximum pool size: undefined/unknown
2026-07-12T18:55:34.908+01:00  INFO 66028 --- [MySuguClientApp-test] [           main] org.hibernate.orm.core                   : HHH000489: No JTA platform available (set 'hibernate.transaction.jta.platform' to enable JTA platform integration)
2026-07-12T18:55:35.055+01:00  INFO 66028 --- [MySuguClientApp-test] [           main] j.LocalContainerEntityManagerFactoryBean : Initialized JPA EntityManagerFactory for persistence unit 'default'
2026-07-12T18:55:35.249+01:00  INFO 66028 --- [MySuguClientApp-test] [           main] m.mysuguclientapp.config.FirebaseConfig  : Firebase FCM désactivé (firebase.enabled=false).
2026-07-12T18:55:35.255+01:00  INFO 66028 --- [MySuguClientApp-test] [           main] m.m.config.MinioInitializer              : Initialisation des buckets MinIO...
2026-07-12T18:55:35.371+01:00  INFO 66028 --- [MySuguClientApp-test] [           main] m.m.config.MinioInitializer              : Buckets MinIO initialisés avec succès
2026-07-12T18:55:35.403+01:00  INFO 66028 --- [MySuguClientApp-test] [           main] ma.mysuguclientapp.config.StripeConfig   : Stripe désactivé ou clé API non configurée — paiements par carte ignorés
2026-07-12T18:55:37.938+01:00  WARN 66028 --- [MySuguClientApp-test] [           main] JpaBaseConfiguration$JpaWebConfiguration : spring.jpa.open-in-view is enabled by default. Therefore, database queries may be performed during view rendering. Explicitly configure spring.jpa.open-in-view to disable this warning
2026-07-12T18:55:38.059+01:00  INFO 66028 --- [MySuguClientApp-test] [           main] eAuthenticationProviderManagerConfigurer : Global AuthenticationManager configured with AuthenticationProvider bean with name authenticationProvider
2026-07-12T18:55:38.059+01:00  WARN 66028 --- [MySuguClientApp-test] [           main] r$InitializeUserDetailsManagerConfigurer : Global AuthenticationManager configured with an AuthenticationProvider bean. UserDetailsService beans will not be used by Spring Security for automatically configuring username/password login. Consider removing the AuthenticationProvider bean. Alternatively, consider using the UserDetailsService in a manually instantiated DaoAuthenticationProvider. If the current configuration is intentional, to turn off this warning, increase the logging level of 'org.springframework.security.config.annotation.authentication.configuration.InitializeUserDetailsBeanManagerConfigurer' to ERROR
2026-07-12T18:55:38.561+01:00  INFO 66028 --- [MySuguClientApp-test] [           main] o.s.b.a.e.web.EndpointLinksResolver      : Exposing 1 endpoint beneath base path '/actuator'
2026-07-12T18:55:38.591+01:00  INFO 66028 --- [MySuguClientApp-test] [           main] o.s.m.s.b.SimpleBrokerMessageHandler     : Starting...
2026-07-12T18:55:38.592+01:00  INFO 66028 --- [MySuguClientApp-test] [           main] o.s.m.s.b.SimpleBrokerMessageHandler     : BrokerAvailabilityEvent[available=true, SimpleBrokerMessageHandler [org.springframework.messaging.simp.broker.DefaultSubscriptionRegistry@231687c6]]
2026-07-12T18:55:38.593+01:00  INFO 66028 --- [MySuguClientApp-test] [           main] o.s.m.s.b.SimpleBrokerMessageHandler     : Started.
2026-07-12T18:55:38.598+01:00  INFO 66028 --- [MySuguClientApp-test] [           main] o.s.boot.tomcat.TomcatWebServer          : Tomcat started on port 37211 (http) with context path '/'
2026-07-12T18:55:38.614+01:00  INFO 66028 --- [MySuguClientApp-test] [           main] m.m.legacy.DeliveryManShimContractTest   : Started DeliveryManShimContractTest in 21.624 seconds (process running for 82.647)
2026-07-12T18:55:44.597+01:00  INFO 66028 --- [MySuguClientApp-test] [o-auto-2-exec-1] o.a.c.c.C.[Tomcat-1].[localhost].[/]     : Initializing Spring DispatcherServlet 'dispatcherServlet'
2026-07-12T18:55:44.597+01:00  INFO 66028 --- [MySuguClientApp-test] [o-auto-2-exec-1] o.s.web.servlet.DispatcherServlet        : Initializing Servlet 'dispatcherServlet'
2026-07-12T18:55:44.599+01:00  INFO 66028 --- [MySuguClientApp-test] [o-auto-2-exec-1] o.s.web.servlet.DispatcherServlet        : Completed initialization in 2 ms
2026-07-12T18:55:45.089+01:00  WARN 66028 --- [MySuguClientApp-test] [o-auto-2-exec-2] m.m.exceptions.GlobalExceptionHandler    : ResponseStatusException: 404 NOT_FOUND - Commande introuvable.
2026-07-12T18:55:51.011+01:00  INFO 66028 --- [MySuguClientApp-test] [o-auto-2-exec-4] m.m.s.i.NotificationServiceImpl          : Notification 'LIVREUR_ASSIGNE' envoyée à l'utilisateur 3
2026-07-12T18:55:51.028+01:00  INFO 66028 --- [MySuguClientApp-test] [o-auto-2-exec-4] m.m.s.i.NotificationServiceImpl          : Notification 'LIVREUR_ASSIGNE' envoyée à l'utilisateur 2
2026-07-12T18:56:04.089+01:00  INFO 66028 --- [MySuguClientApp-test] [o-auto-2-exec-9] m.m.s.i.NotificationServiceImpl          : Notification 'LIVREUR_ASSIGNE' envoyée à l'utilisateur 3
2026-07-12T18:56:04.098+01:00  INFO 66028 --- [MySuguClientApp-test] [o-auto-2-exec-9] m.m.s.i.NotificationServiceImpl          : Notification 'LIVREUR_ASSIGNE' envoyée à l'utilisateur 2
2026-07-12T18:56:04.222+01:00  INFO 66028 --- [MySuguClientApp-test] [-auto-2-exec-10] m.m.s.i.NotificationServiceImpl          : Notification 'COMMANDE_CONFIRMEE' envoyée à l'utilisateur 3
2026-07-12T18:56:16.807+01:00  INFO 66028 --- [MySuguClientApp-test] [o-auto-2-exec-4] m.m.l.d.c.DeliveryManAuthController      : OTP reset livreur généré pour +212600000001 (exp 2min)
2026-07-12T18:56:23.965+01:00  INFO 66028 --- [MySuguClientApp-test] [o-auto-2-exec-1] m.m.s.i.NotificationServiceImpl          : Notification 'LIVREUR_ASSIGNE' envoyée à l'utilisateur 3
2026-07-12T18:56:23.973+01:00  INFO 66028 --- [MySuguClientApp-test] [o-auto-2-exec-1] m.m.s.i.NotificationServiceImpl          : Notification 'LIVREUR_ASSIGNE' envoyée à l'utilisateur 2
2026-07-12T18:56:24.059+01:00  INFO 66028 --- [MySuguClientApp-test] [o-auto-2-exec-2] m.m.s.i.NotificationServiceImpl          : Notification 'COMMANDE_CONFIRMEE' envoyée à l'utilisateur 3
2026-07-12T18:56:24.517+01:00  INFO 66028 --- [MySuguClientApp-test] [           main] t.c.s.AnnotationConfigContextLoaderUtils : Could not detect default configuration classes for test class [ma.mysuguclientapp.legacy.seller.OrderAddressUpdateTest]: OrderAddressUpdateTest does not declare any static, non-private, non-final, nested classes annotated with @Configuration.
2026-07-12T18:56:25.781+01:00  INFO 66028 --- [MySuguClientApp-test] [           main] .b.t.c.SpringBootTestContextBootstrapper : Found @SpringBootConfiguration ma.mysuguclientapp.MySuguClientAppApplication for test class ma.mysuguclientapp.legacy.seller.OrderAddressUpdateTest
2026-07-12T18:56:25.784+01:00  INFO 66028 --- [MySuguClientApp-test] [           main] o.s.m.s.b.SimpleBrokerMessageHandler     : Stopping...
2026-07-12T18:56:25.785+01:00  INFO 66028 --- [MySuguClientApp-test] [           main] o.s.m.s.b.SimpleBrokerMessageHandler     : BrokerAvailabilityEvent[available=false, SimpleBrokerMessageHandler [org.springframework.messaging.simp.broker.DefaultSubscriptionRegistry@231687c6]]
2026-07-12T18:56:25.785+01:00  INFO 66028 --- [MySuguClientApp-test] [           main] o.s.m.s.b.SimpleBrokerMessageHandler     : Stopped.

  .   ____          _            __ _ _
 /\\ / ___'_ __ _ _(_)_ __  __ _ \ \ \ \
( ( )\___ | '_ | '_| | '_ \/ _` | \ \ \ \
 \\/  ___)| |_)| | | | | || (_| |  ) ) ) )
  '  |____| .__|_| |_|_| |_\__, | / / / /
 =========|_|==============|___/=/_/_/_/

 :: Spring Boot ::                (v4.0.2)

2026-07-12T18:56:25.938+01:00  INFO 66028 --- [MySuguClientApp-test] [           main] m.m.l.seller.OrderAddressUpdateTest      : Starting OrderAddressUpdateTest using Java 21.0.11 with PID 66028 (started by issiaka in /mnt/c/Users/Issiaka traoré/Desktop/systalink/mysugu/mysugu-app-api-dev)
2026-07-12T18:56:25.939+01:00  INFO 66028 --- [MySuguClientApp-test] [           main] m.m.l.seller.OrderAddressUpdateTest      : No active profile set, falling back to 1 default profile: "default"
2026-07-12T18:56:35.149+01:00  INFO 66028 --- [MySuguClientApp-test] [           main] .s.d.r.c.RepositoryConfigurationDelegate : Bootstrapping Spring Data JPA repositories in DEFAULT mode.
2026-07-12T18:56:37.559+01:00  INFO 66028 --- [MySuguClientApp-test] [           main] .s.d.r.c.RepositoryConfigurationDelegate : Finished Spring Data repository scanning in 2408 ms. Found 47 JPA repository interfaces.
2026-07-12T18:56:37.780+01:00  INFO 66028 --- [MySuguClientApp-test] [           main] o.s.boot.tomcat.TomcatWebServer          : Tomcat initialized with port 0 (http)
2026-07-12T18:56:37.781+01:00  INFO 66028 --- [MySuguClientApp-test] [           main] o.apache.catalina.core.StandardService   : Starting service [Tomcat]
2026-07-12T18:56:37.782+01:00  INFO 66028 --- [MySuguClientApp-test] [           main] o.apache.catalina.core.StandardEngine    : Starting Servlet engine: [Apache Tomcat/11.0.15]
2026-07-12T18:56:37.827+01:00  INFO 66028 --- [MySuguClientApp-test] [           main] b.w.c.s.WebApplicationContextInitializer : Root WebApplicationContext: initialization completed in 11882 ms
2026-07-12T18:56:38.634+01:00  INFO 66028 --- [MySuguClientApp-test] [           main] org.hibernate.orm.jpa                    : HHH008540: Processing PersistenceUnitInfo [name: default]
2026-07-12T18:56:39.073+01:00  INFO 66028 --- [MySuguClientApp-test] [           main] o.s.o.j.p.SpringPersistenceUnitInfo      : No LoadTimeWeaver setup: ignoring JPA class transformer
2026-07-12T18:56:39.083+01:00  INFO 66028 --- [MySuguClientApp-test] [           main] com.zaxxer.hikari.HikariDataSource       : HikariPool-3 - Starting...
2026-07-12T18:56:39.098+01:00  INFO 66028 --- [MySuguClientApp-test] [           main] com.zaxxer.hikari.pool.HikariPool        : HikariPool-3 - Added connection org.postgresql.jdbc.PgConnection@70a6b58a
2026-07-12T18:56:39.098+01:00  INFO 66028 --- [MySuguClientApp-test] [           main] com.zaxxer.hikari.HikariDataSource       : HikariPool-3 - Start completed.
2026-07-12T18:56:39.101+01:00  WARN 66028 --- [MySuguClientApp-test] [           main] org.hibernate.orm.deprecation            : HHH90000025: PostgreSQLDialect does not need to be specified explicitly using 'hibernate.dialect' (remove the property setting and it will be selected by default)
2026-07-12T18:56:39.105+01:00  INFO 66028 --- [MySuguClientApp-test] [           main] org.hibernate.orm.connections.pooling    : HHH10001005: Database info:
	Database JDBC URL [jdbc:postgresql://127.0.0.1:5433/mysugu_test]
	Database driver: PostgreSQL JDBC Driver
	Database dialect: PostgreSQLDialect
	Database version: 16.13
	Default catalog/schema: mysugu_test/public
	Autocommit mode: undefined/unknown
	Isolation level: READ_COMMITTED [default READ_COMMITTED]
	JDBC fetch size: none
	Pool: DataSourceConnectionProvider
	Minimum pool size: undefined/unknown
	Maximum pool size: undefined/unknown
2026-07-12T18:56:41.879+01:00  INFO 66028 --- [MySuguClientApp-test] [           main] org.hibernate.orm.core                   : HHH000489: No JTA platform available (set 'hibernate.transaction.jta.platform' to enable JTA platform integration)
2026-07-12T18:56:41.971+01:00  INFO 66028 --- [MySuguClientApp-test] [           main] j.LocalContainerEntityManagerFactoryBean : Initialized JPA EntityManagerFactory for persistence unit 'default'
2026-07-12T18:56:42.087+01:00  INFO 66028 --- [MySuguClientApp-test] [           main] m.mysuguclientapp.config.FirebaseConfig  : Firebase FCM désactivé (firebase.enabled=false).
2026-07-12T18:56:42.091+01:00  INFO 66028 --- [MySuguClientApp-test] [           main] m.m.config.MinioInitializer              : Initialisation des buckets MinIO...
2026-07-12T18:56:42.094+01:00 ERROR 66028 --- [MySuguClientApp-test] [           main] m.m.s.implementations.MinioService       : Erreur lors de l'initialisation du bucket MinIO

java.net.ConnectException: Failed to connect to /127.0.0.1:9999
	at okhttp3.internal.connection.RealConnection.connectSocket(RealConnection.kt:297) ~[okhttp-4.12.0.jar:na]
	at okhttp3.internal.connection.RealConnection.connect(RealConnection.kt:207) ~[okhttp-4.12.0.jar:na]
	at okhttp3.internal.connection.ExchangeFinder.findConnection(ExchangeFinder.kt:226) ~[okhttp-4.12.0.jar:na]
	at okhttp3.internal.connection.ExchangeFinder.findHealthyConnection(ExchangeFinder.kt:106) ~[okhttp-4.12.0.jar:na]
	at okhttp3.internal.connection.ExchangeFinder.find(ExchangeFinder.kt:74) ~[okhttp-4.12.0.jar:na]
	at okhttp3.internal.connection.RealCall.initExchange$okhttp(RealCall.kt:255) ~[okhttp-4.12.0.jar:na]
	at okhttp3.internal.connection.ConnectInterceptor.intercept(ConnectInterceptor.kt:32) ~[okhttp-4.12.0.jar:na]
	at okhttp3.internal.http.RealInterceptorChain.proceed(RealInterceptorChain.kt:109) ~[okhttp-4.12.0.jar:na]
	at okhttp3.internal.cache.CacheInterceptor.intercept(CacheInterceptor.kt:95) ~[okhttp-4.12.0.jar:na]
	at okhttp3.internal.http.RealInterceptorChain.proceed(RealInterceptorChain.kt:109) ~[okhttp-4.12.0.jar:na]
	at okhttp3.internal.http.BridgeInterceptor.intercept(BridgeInterceptor.kt:83) ~[okhttp-4.12.0.jar:na]
	at okhttp3.internal.http.RealInterceptorChain.proceed(RealInterceptorChain.kt:109) ~[okhttp-4.12.0.jar:na]
	at okhttp3.internal.http.RetryAndFollowUpInterceptor.intercept(RetryAndFollowUpInterceptor.kt:76) ~[okhttp-4.12.0.jar:na]
	at okhttp3.internal.http.RealInterceptorChain.proceed(RealInterceptorChain.kt:109) ~[okhttp-4.12.0.jar:na]
	at okhttp3.internal.connection.RealCall.getResponseWithInterceptorChain$okhttp(RealCall.kt:201) ~[okhttp-4.12.0.jar:na]
	at okhttp3.internal.connection.RealCall$AsyncCall.run(RealCall.kt:517) ~[okhttp-4.12.0.jar:na]
	at java.base/java.util.concurrent.ThreadPoolExecutor.runWorker(ThreadPoolExecutor.java:1144) ~[na:na]
	at java.base/java.util.concurrent.ThreadPoolExecutor$Worker.run(ThreadPoolExecutor.java:642) ~[na:na]
	at java.base/java.lang.Thread.run(Thread.java:1583) ~[na:na]
Caused by: java.net.ConnectException: Connection refused
	at java.base/sun.nio.ch.Net.pollConnect(Native Method) ~[na:na]
	at java.base/sun.nio.ch.Net.pollConnectNow(Net.java:694) ~[na:na]
	at java.base/sun.nio.ch.NioSocketImpl.timedFinishConnect(NioSocketImpl.java:542) ~[na:na]
	at java.base/sun.nio.ch.NioSocketImpl.connect(NioSocketImpl.java:592) ~[na:na]
	at java.base/java.net.SocksSocketImpl.connect(SocksSocketImpl.java:327) ~[na:na]
	at java.base/java.net.Socket.connect(Socket.java:751) ~[na:na]
	at okhttp3.internal.platform.Platform.connectSocket(Platform.kt:128) ~[okhttp-4.12.0.jar:na]
	at okhttp3.internal.connection.RealConnection.connectSocket(RealConnection.kt:295) ~[okhttp-4.12.0.jar:na]
	... 18 common frames omitted

2026-07-12T18:56:42.095+01:00  INFO 66028 --- [MySuguClientApp-test] [           main] m.m.config.MinioInitializer              : Buckets MinIO initialisés avec succès
2026-07-12T18:56:42.115+01:00  INFO 66028 --- [MySuguClientApp-test] [           main] ma.mysuguclientapp.config.StripeConfig   : Stripe désactivé ou clé API non configurée — paiements par carte ignorés
2026-07-12T18:56:43.851+01:00  WARN 66028 --- [MySuguClientApp-test] [           main] JpaBaseConfiguration$JpaWebConfiguration : spring.jpa.open-in-view is enabled by default. Therefore, database queries may be performed during view rendering. Explicitly configure spring.jpa.open-in-view to disable this warning
2026-07-12T18:56:43.936+01:00  INFO 66028 --- [MySuguClientApp-test] [           main] eAuthenticationProviderManagerConfigurer : Global AuthenticationManager configured with AuthenticationProvider bean with name authenticationProvider
2026-07-12T18:56:43.937+01:00  WARN 66028 --- [MySuguClientApp-test] [           main] r$InitializeUserDetailsManagerConfigurer : Global AuthenticationManager configured with an AuthenticationProvider bean. UserDetailsService beans will not be used by Spring Security for automatically configuring username/password login. Consider removing the AuthenticationProvider bean. Alternatively, consider using the UserDetailsService in a manually instantiated DaoAuthenticationProvider. If the current configuration is intentional, to turn off this warning, increase the logging level of 'org.springframework.security.config.annotation.authentication.configuration.InitializeUserDetailsBeanManagerConfigurer' to ERROR
2026-07-12T18:56:44.180+01:00  INFO 66028 --- [MySuguClientApp-test] [           main] o.s.b.a.e.web.EndpointLinksResolver      : Exposing 1 endpoint beneath base path '/actuator'
2026-07-12T18:56:44.224+01:00  INFO 66028 --- [MySuguClientApp-test] [           main] o.s.m.s.b.SimpleBrokerMessageHandler     : Starting...
2026-07-12T18:56:44.224+01:00  INFO 66028 --- [MySuguClientApp-test] [           main] o.s.m.s.b.SimpleBrokerMessageHandler     : BrokerAvailabilityEvent[available=true, SimpleBrokerMessageHandler [org.springframework.messaging.simp.broker.DefaultSubscriptionRegistry@142e8c2b]]
2026-07-12T18:56:44.224+01:00  INFO 66028 --- [MySuguClientApp-test] [           main] o.s.m.s.b.SimpleBrokerMessageHandler     : Started.
2026-07-12T18:56:44.229+01:00  INFO 66028 --- [MySuguClientApp-test] [           main] o.s.boot.tomcat.TomcatWebServer          : Tomcat started on port 41265 (http) with context path '/'
2026-07-12T18:56:44.237+01:00  INFO 66028 --- [MySuguClientApp-test] [           main] m.m.l.seller.OrderAddressUpdateTest      : Started OrderAddressUpdateTest in 18.443 seconds (process running for 148.252)
2026-07-12T18:56:44.270+01:00  INFO 66028 --- [MySuguClientApp-test] [           main] m.m.config.FiltreInitializer             : Filtres par défaut semés: 14
2026-07-12T18:56:44.521+01:00  INFO 66028 --- [MySuguClientApp-test] [o-auto-3-exec-1] o.a.c.c.C.[Tomcat-2].[localhost].[/]     : Initializing Spring DispatcherServlet 'dispatcherServlet'
2026-07-12T18:56:44.521+01:00  INFO 66028 --- [MySuguClientApp-test] [o-auto-3-exec-1] o.s.web.servlet.DispatcherServlet        : Initializing Servlet 'dispatcherServlet'
2026-07-12T18:56:44.523+01:00  INFO 66028 --- [MySuguClientApp-test] [o-auto-3-exec-1] o.s.web.servlet.DispatcherServlet        : Completed initialization in 2 ms
2026-07-12T18:56:44.689+01:00  WARN 66028 --- [MySuguClientApp-test] [o-auto-3-exec-2] m.m.exceptions.GlobalExceptionHandler    : ResponseStatusException: 404 NOT_FOUND - Commande non trouvée
2026-07-12T18:56:45.347+01:00  INFO 66028 --- [MySuguClientApp-test] [           main] t.c.s.AnnotationConfigContextLoaderUtils : Could not detect default configuration classes for test class [ma.mysuguclientapp.legacy.seller.OrderAssignTest]: OrderAssignTest does not declare any static, non-private, non-final, nested classes annotated with @Configuration.
2026-07-12T18:56:45.353+01:00  INFO 66028 --- [MySuguClientApp-test] [           main] .b.t.c.SpringBootTestContextBootstrapper : Found @SpringBootConfiguration ma.mysuguclientapp.MySuguClientAppApplication for test class ma.mysuguclientapp.legacy.seller.OrderAssignTest
2026-07-12T18:56:45.838+01:00  INFO 66028 --- [MySuguClientApp-test] [o-auto-3-exec-6] m.m.s.i.CommandeServiceImpl              : Livreur tiers 'Glovo' assigne a la commande ORD-ASGN-214961155813876-0.5065178255375308
2026-07-12T18:56:45.858+01:00  INFO 66028 --- [MySuguClientApp-test] [o-auto-3-exec-6] m.m.s.i.NotificationServiceImpl          : Notification 'LIVREUR_ASSIGNE' envoyée à l'utilisateur 12
2026-07-12T18:56:46.535+01:00  INFO 66028 --- [MySuguClientApp-test] [o-auto-3-exec-8] m.m.s.i.CommandeServiceImpl              : Livreur N assigne a la commande ORD-ASGN-214961871989473-0.2739545153674652
2026-07-12T18:56:46.537+01:00  INFO 66028 --- [MySuguClientApp-test] [o-auto-3-exec-8] m.m.s.i.NotificationServiceImpl          : Notification 'LIVREUR_ASSIGNE' envoyée à l'utilisateur 17
2026-07-12T18:56:46.540+01:00  INFO 66028 --- [MySuguClientApp-test] [o-auto-3-exec-8] m.m.s.i.NotificationServiceImpl          : Notification 'LIVREUR_ASSIGNE' envoyée à l'utilisateur 16
2026-07-12T18:56:46.543+01:00  INFO 66028 --- [MySuguClientApp-test] [o-auto-3-exec-8] m.m.s.i.NotificationServiceImpl          : Notification 'LIVREUR_ASSIGNE' envoyée à l'utilisateur 14
2026-07-12T18:56:47.267+01:00  WARN 66028 --- [MySuguClientApp-test] [-auto-3-exec-10] m.m.exceptions.GlobalExceptionHandler    : ResponseStatusException: 404 NOT_FOUND - Commande non trouvée
2026-07-12T18:56:47.932+01:00  WARN 66028 --- [MySuguClientApp-test] [o-auto-3-exec-2] m.m.exceptions.GlobalExceptionHandler    : ResponseStatusException: 404 NOT_FOUND - Commande non trouvée
2026-07-12T18:56:48.108+01:00  INFO 66028 --- [MySuguClientApp-test] [           main] t.c.s.AnnotationConfigContextLoaderUtils : Could not detect default configuration classes for test class [ma.mysuguclientapp.legacy.seller.OrderChargeAndUploadTest]: OrderChargeAndUploadTest does not declare any static, non-private, non-final, nested classes annotated with @Configuration.
2026-07-12T18:56:48.117+01:00  INFO 66028 --- [MySuguClientApp-test] [           main] .b.t.c.SpringBootTestContextBootstrapper : Found @SpringBootConfiguration ma.mysuguclientapp.MySuguClientAppApplication for test class ma.mysuguclientapp.legacy.seller.OrderChargeAndUploadTest
2026-07-12T18:56:48.552+01:00  INFO 66028 --- [MySuguClientApp-test] [o-auto-3-exec-4] m.m.s.i.CommandeServiceImpl              : Frais/date de livraison mis a jour pour la commande ORD-CHG-214963865245993-0.6456153701366042
2026-07-12T18:56:49.572+01:00  WARN 66028 --- [MySuguClientApp-test] [o-auto-3-exec-8] m.m.exceptions.GlobalExceptionHandler    : ResponseStatusException: 404 NOT_FOUND - Commande non trouvée
2026-07-12T18:56:50.031+01:00  WARN 66028 --- [MySuguClientApp-test] [-auto-3-exec-10] m.m.exceptions.GlobalExceptionHandler    : ResponseStatusException: 404 NOT_FOUND - Commande non trouvée
2026-07-12T18:56:50.160+01:00  INFO 66028 --- [MySuguClientApp-test] [           main] t.c.s.AnnotationConfigContextLoaderUtils : Could not detect default configuration classes for test class [ma.mysuguclientapp.legacy.seller.OrderDetailsTest]: OrderDetailsTest does not declare any static, non-private, non-final, nested classes annotated with @Configuration.
2026-07-12T18:56:50.164+01:00  INFO 66028 --- [MySuguClientApp-test] [           main] .b.t.c.SpringBootTestContextBootstrapper : Found @SpringBootConfiguration ma.mysuguclientapp.MySuguClientAppApplication for test class ma.mysuguclientapp.legacy.seller.OrderDetailsTest
2026-07-12T18:56:50.488+01:00 ERROR 66028 --- [MySuguClientApp-test] [o-auto-3-exec-2] m.m.exceptions.GlobalExceptionHandler    : Ressource non trouvée: Commande non trouvee
2026-07-12T18:56:51.436+01:00  WARN 66028 --- [MySuguClientApp-test] [o-auto-3-exec-6] m.m.exceptions.GlobalExceptionHandler    : ResponseStatusException: 404 NOT_FOUND - Commande non trouvée
2026-07-12T18:56:51.595+01:00  INFO 66028 --- [MySuguClientApp-test] [           main] t.c.s.AnnotationConfigContextLoaderUtils : Could not detect default configuration classes for test class [ma.mysuguclientapp.legacy.seller.OrderListTest]: OrderListTest does not declare any static, non-private, non-final, nested classes annotated with @Configuration.
2026-07-12T18:56:51.602+01:00  INFO 66028 --- [MySuguClientApp-test] [           main] .b.t.c.SpringBootTestContextBootstrapper : Found @SpringBootConfiguration ma.mysuguclientapp.MySuguClientAppApplication for test class ma.mysuguclientapp.legacy.seller.OrderListTest
2026-07-12T18:56:53.578+01:00  INFO 66028 --- [MySuguClientApp-test] [           main] t.c.s.AnnotationConfigContextLoaderUtils : Could not detect default configuration classes for test class [ma.mysuguclientapp.legacy.seller.OrderLiveTrackingTest]: OrderLiveTrackingTest does not declare any static, non-private, non-final, nested classes annotated with @Configuration.
2026-07-12T18:56:53.585+01:00  INFO 66028 --- [MySuguClientApp-test] [           main] .b.t.c.SpringBootTestContextBootstrapper : Found @SpringBootConfiguration ma.mysuguclientapp.MySuguClientAppApplication for test class ma.mysuguclientapp.legacy.seller.OrderLiveTrackingTest
2026-07-12T18:56:54.065+01:00  WARN 66028 --- [MySuguClientApp-test] [o-auto-3-exec-6] m.m.exceptions.GlobalExceptionHandler    : ResponseStatusException: 404 NOT_FOUND - Commande non trouvée
2026-07-12T18:56:55.267+01:00  INFO 66028 --- [MySuguClientApp-test] [           main] t.c.s.AnnotationConfigContextLoaderUtils : Could not detect default configuration classes for test class [ma.mysuguclientapp.legacy.seller.OrderPaymentStatusTest]: OrderPaymentStatusTest does not declare any static, non-private, non-final, nested classes annotated with @Configuration.
2026-07-12T18:56:55.272+01:00  INFO 66028 --- [MySuguClientApp-test] [           main] .b.t.c.SpringBootTestContextBootstrapper : Found @SpringBootConfiguration ma.mysuguclientapp.MySuguClientAppApplication for test class ma.mysuguclientapp.legacy.seller.OrderPaymentStatusTest
2026-07-12T18:56:55.611+01:00  INFO 66028 --- [MySuguClientApp-test] [o-auto-3-exec-2] m.m.s.i.CommandeServiceImpl              : Statut de paiement de la commande ORD-PAY-214970981414380 mis a jour: EN_ATTENTE -> PAYE
2026-07-12T18:56:56.122+01:00  WARN 66028 --- [MySuguClientApp-test] [o-auto-3-exec-4] m.m.exceptions.GlobalExceptionHandler    : ResponseStatusException: 404 NOT_FOUND - Commande non trouvée
2026-07-12T18:56:56.306+01:00  INFO 66028 --- [MySuguClientApp-test] [           main] t.c.s.AnnotationConfigContextLoaderUtils : Could not detect default configuration classes for test class [ma.mysuguclientapp.legacy.seller.OrderStatusUpdateTest]: OrderStatusUpdateTest does not declare any static, non-private, non-final, nested classes annotated with @Configuration.
2026-07-12T18:56:56.312+01:00  INFO 66028 --- [MySuguClientApp-test] [           main] .b.t.c.SpringBootTestContextBootstrapper : Found @SpringBootConfiguration ma.mysuguclientapp.MySuguClientAppApplication for test class ma.mysuguclientapp.legacy.seller.OrderStatusUpdateTest
2026-07-12T18:56:57.236+01:00  INFO 66028 --- [MySuguClientApp-test] [o-auto-3-exec-8] m.m.s.i.CommandeServiceImpl              : Statut de la commande ORD-STAT-214972571338833 mis a jour: EN_PREPARATION
2026-07-12T18:56:57.777+01:00  WARN 66028 --- [MySuguClientApp-test] [-auto-3-exec-10] m.m.exceptions.GlobalExceptionHandler    : ResponseStatusException: 404 NOT_FOUND - Commande non trouvée
2026-07-12T18:56:57.924+01:00  INFO 66028 --- [MySuguClientApp-test] [           main] t.c.s.AnnotationConfigContextLoaderUtils : Could not detect default configuration classes for test class [ma.mysuguclientapp.legacy.seller.SellerAccountTest]: SellerAccountTest does not declare any static, non-private, non-final, nested classes annotated with @Configuration.
2026-07-12T18:56:57.931+01:00  INFO 66028 --- [MySuguClientApp-test] [           main] .b.t.c.SpringBootTestContextBootstrapper : Found @SpringBootConfiguration ma.mysuguclientapp.MySuguClientAppApplication for test class ma.mysuguclientapp.legacy.seller.SellerAccountTest
2026-07-12T18:56:57.933+01:00  INFO 66028 --- [MySuguClientApp-test] [           main] o.s.m.s.b.SimpleBrokerMessageHandler     : Stopping...
2026-07-12T18:56:57.933+01:00  INFO 66028 --- [MySuguClientApp-test] [           main] o.s.m.s.b.SimpleBrokerMessageHandler     : BrokerAvailabilityEvent[available=false, SimpleBrokerMessageHandler [org.springframework.messaging.simp.broker.DefaultSubscriptionRegistry@142e8c2b]]
2026-07-12T18:56:57.933+01:00  INFO 66028 --- [MySuguClientApp-test] [           main] o.s.m.s.b.SimpleBrokerMessageHandler     : Stopped.
2026-07-12T18:56:57.934+01:00  INFO 66028 --- [MySuguClientApp-test] [           main] o.s.m.s.b.SimpleBrokerMessageHandler     : Starting...
2026-07-12T18:56:57.934+01:00  INFO 66028 --- [MySuguClientApp-test] [           main] o.s.m.s.b.SimpleBrokerMessageHandler     : BrokerAvailabilityEvent[available=true, SimpleBrokerMessageHandler [org.springframework.messaging.simp.broker.DefaultSubscriptionRegistry@231687c6]]
2026-07-12T18:56:57.934+01:00  INFO 66028 --- [MySuguClientApp-test] [           main] o.s.m.s.b.SimpleBrokerMessageHandler     : Started.
2026-07-12T18:56:57.954+01:00  INFO 66028 --- [MySuguClientApp-test] [MessageBroker-1] o.s.w.s.c.WebSocketMessageBrokerStats    : WebSocketSession[0 current WS(0)-HttpStream(0)-HttpPoll(0), 0 total, 0 closed abnormally (0 connect failure, 0 send limit, 0 transport error)], stompSubProtocol[processed CONNECT(0)-CONNECTED(0)-DISCONNECT(0)], stompBrokerRelay[null], inboundChannel[pool size = 0, active threads = 0, queued tasks = 0, completed tasks = 0], outboundChannel[pool size = 0, active threads = 0, queued tasks = 0, completed tasks = 0], sockJsScheduler[pool size = 4, active threads = 1, queued tasks = 3, completed tasks = 0]
2026-07-12T18:56:58.124+01:00  INFO 66028 --- [MySuguClientApp-test] [o-auto-2-exec-5] m.m.s.i.DeviceTokenServiceImpl           : Nouveau token FCM enregistré pour l'utilisateur 86 (platform: ANDROID)
2026-07-12T18:56:58.337+01:00  INFO 66028 --- [MySuguClientApp-test] [o-auto-2-exec-7] m.m.l.s.c.SellerAccountController        : Compte vendeur supprimé (RGPD) pour seller-account-214973632277554@test.mysugu
2026-07-12T18:56:58.710+01:00  INFO 66028 --- [MySuguClientApp-test] [           main] t.c.s.AnnotationConfigContextLoaderUtils : Could not detect default configuration classes for test class [ma.mysuguclientapp.legacy.seller.SellerAuthLoginTest]: SellerAuthLoginTest does not declare any static, non-private, non-final, nested classes annotated with @Configuration.
2026-07-12T18:56:58.718+01:00  INFO 66028 --- [MySuguClientApp-test] [           main] .b.t.c.SpringBootTestContextBootstrapper : Found @SpringBootConfiguration ma.mysuguclientapp.MySuguClientAppApplication for test class ma.mysuguclientapp.legacy.seller.SellerAuthLoginTest
2026-07-12T18:56:59.418+01:00  INFO 66028 --- [MySuguClientApp-test] [           main] t.c.s.AnnotationConfigContextLoaderUtils : Could not detect default configuration classes for test class [ma.mysuguclientapp.legacy.seller.SellerCatalogStubTest]: SellerCatalogStubTest does not declare any static, non-private, non-final, nested classes annotated with @Configuration.
2026-07-12T18:56:59.423+01:00  INFO 66028 --- [MySuguClientApp-test] [           main] .b.t.c.SpringBootTestContextBootstrapper : Found @SpringBootConfiguration ma.mysuguclientapp.MySuguClientAppApplication for test class ma.mysuguclientapp.legacy.seller.SellerCatalogStubTest
2026-07-12T18:56:59.425+01:00  INFO 66028 --- [MySuguClientApp-test] [           main] o.s.m.s.b.SimpleBrokerMessageHandler     : Stopping...
2026-07-12T18:56:59.425+01:00  INFO 66028 --- [MySuguClientApp-test] [           main] o.s.m.s.b.SimpleBrokerMessageHandler     : BrokerAvailabilityEvent[available=false, SimpleBrokerMessageHandler [org.springframework.messaging.simp.broker.DefaultSubscriptionRegistry@231687c6]]
2026-07-12T18:56:59.425+01:00  INFO 66028 --- [MySuguClientApp-test] [           main] o.s.m.s.b.SimpleBrokerMessageHandler     : Stopped.
2026-07-12T18:56:59.426+01:00  INFO 66028 --- [MySuguClientApp-test] [           main] o.s.m.s.b.SimpleBrokerMessageHandler     : Starting...
2026-07-12T18:56:59.426+01:00  INFO 66028 --- [MySuguClientApp-test] [           main] o.s.m.s.b.SimpleBrokerMessageHandler     : BrokerAvailabilityEvent[available=true, SimpleBrokerMessageHandler [org.springframework.messaging.simp.broker.DefaultSubscriptionRegistry@142e8c2b]]
2026-07-12T18:56:59.426+01:00  INFO 66028 --- [MySuguClientApp-test] [           main] o.s.m.s.b.SimpleBrokerMessageHandler     : Started.
2026-07-12T18:57:00.378+01:00  INFO 66028 --- [MySuguClientApp-test] [           main] t.c.s.AnnotationConfigContextLoaderUtils : Could not detect default configuration classes for test class [ma.mysuguclientapp.legacy.seller.SellerContextTest]: SellerContextTest does not declare any static, non-private, non-final, nested classes annotated with @Configuration.
2026-07-12T18:57:00.383+01:00  INFO 66028 --- [MySuguClientApp-test] [           main] .b.t.c.SpringBootTestContextBootstrapper : Found @SpringBootConfiguration ma.mysuguclientapp.MySuguClientAppApplication for test class ma.mysuguclientapp.legacy.seller.SellerContextTest
2026-07-12T18:57:00.385+01:00  INFO 66028 --- [MySuguClientApp-test] [           main] o.s.m.s.b.SimpleBrokerMessageHandler     : Stopping...
2026-07-12T18:57:00.385+01:00  INFO 66028 --- [MySuguClientApp-test] [           main] o.s.m.s.b.SimpleBrokerMessageHandler     : BrokerAvailabilityEvent[available=false, SimpleBrokerMessageHandler [org.springframework.messaging.simp.broker.DefaultSubscriptionRegistry@142e8c2b]]
2026-07-12T18:57:00.385+01:00  INFO 66028 --- [MySuguClientApp-test] [           main] o.s.m.s.b.SimpleBrokerMessageHandler     : Stopped.

  .   ____          _            __ _ _
 /\\ / ___'_ __ _ _(_)_ __  __ _ \ \ \ \
( ( )\___ | '_ | '_| | '_ \/ _` | \ \ \ \
 \\/  ___)| |_)| | | | | || (_| |  ) ) ) )
  '  |____| .__|_| |_|_| |_\__, | / / / /
 =========|_|==============|___/=/_/_/_/

 :: Spring Boot ::                (v4.0.2)

2026-07-12T18:57:00.504+01:00  INFO 66028 --- [MySuguClientApp-test] [           main] m.m.legacy.seller.SellerContextTest      : Starting SellerContextTest using Java 21.0.11 with PID 66028 (started by issiaka in /mnt/c/Users/Issiaka traoré/Desktop/systalink/mysugu/mysugu-app-api-dev)
2026-07-12T18:57:00.504+01:00  INFO 66028 --- [MySuguClientApp-test] [           main] m.m.legacy.seller.SellerContextTest      : No active profile set, falling back to 1 default profile: "default"
2026-07-12T18:57:09.503+01:00  INFO 66028 --- [MySuguClientApp-test] [           main] .s.d.r.c.RepositoryConfigurationDelegate : Bootstrapping Spring Data JPA repositories in DEFAULT mode.
2026-07-12T18:57:11.344+01:00  INFO 66028 --- [MySuguClientApp-test] [           main] .s.d.r.c.RepositoryConfigurationDelegate : Finished Spring Data repository scanning in 1838 ms. Found 47 JPA repository interfaces.
2026-07-12T18:57:12.304+01:00  INFO 66028 --- [MySuguClientApp-test] [           main] org.hibernate.orm.jpa                    : HHH008540: Processing PersistenceUnitInfo [name: default]
2026-07-12T18:57:12.592+01:00  INFO 66028 --- [MySuguClientApp-test] [           main] o.s.o.j.p.SpringPersistenceUnitInfo      : No LoadTimeWeaver setup: ignoring JPA class transformer
2026-07-12T18:57:12.606+01:00  INFO 66028 --- [MySuguClientApp-test] [           main] com.zaxxer.hikari.HikariDataSource       : HikariPool-4 - Starting...
2026-07-12T18:57:12.626+01:00  INFO 66028 --- [MySuguClientApp-test] [           main] com.zaxxer.hikari.pool.HikariPool        : HikariPool-4 - Added connection org.postgresql.jdbc.PgConnection@2c2d09f6
2026-07-12T18:57:12.627+01:00  INFO 66028 --- [MySuguClientApp-test] [           main] com.zaxxer.hikari.HikariDataSource       : HikariPool-4 - Start completed.
2026-07-12T18:57:12.629+01:00  WARN 66028 --- [MySuguClientApp-test] [           main] org.hibernate.orm.deprecation            : HHH90000025: PostgreSQLDialect does not need to be specified explicitly using 'hibernate.dialect' (remove the property setting and it will be selected by default)
2026-07-12T18:57:12.633+01:00  INFO 66028 --- [MySuguClientApp-test] [           main] org.hibernate.orm.connections.pooling    : HHH10001005: Database info:
	Database JDBC URL [jdbc:postgresql://127.0.0.1:5433/mysugu_test]
	Database driver: PostgreSQL JDBC Driver
	Database dialect: PostgreSQLDialect
	Database version: 16.13
	Default catalog/schema: mysugu_test/public
	Autocommit mode: undefined/unknown
	Isolation level: READ_COMMITTED [default READ_COMMITTED]
	JDBC fetch size: none
	Pool: DataSourceConnectionProvider
	Minimum pool size: undefined/unknown
	Maximum pool size: undefined/unknown
2026-07-12T18:57:14.453+01:00  INFO 66028 --- [MySuguClientApp-test] [           main] org.hibernate.orm.core                   : HHH000489: No JTA platform available (set 'hibernate.transaction.jta.platform' to enable JTA platform integration)
2026-07-12T18:57:14.516+01:00  INFO 66028 --- [MySuguClientApp-test] [           main] j.LocalContainerEntityManagerFactoryBean : Initialized JPA EntityManagerFactory for persistence unit 'default'
2026-07-12T18:57:14.544+01:00  INFO 66028 --- [MySuguClientApp-test] [           main] m.mysuguclientapp.config.FirebaseConfig  : Firebase FCM désactivé (firebase.enabled=false).
2026-07-12T18:57:14.546+01:00  INFO 66028 --- [MySuguClientApp-test] [           main] m.m.config.MinioInitializer              : Initialisation des buckets MinIO...
2026-07-12T18:57:14.548+01:00 ERROR 66028 --- [MySuguClientApp-test] [           main] m.m.s.implementations.MinioService       : Erreur lors de l'initialisation du bucket MinIO

java.net.ConnectException: Failed to connect to /127.0.0.1:9999
	at okhttp3.internal.connection.RealConnection.connectSocket(RealConnection.kt:297) ~[okhttp-4.12.0.jar:na]
	at okhttp3.internal.connection.RealConnection.connect(RealConnection.kt:207) ~[okhttp-4.12.0.jar:na]
	at okhttp3.internal.connection.ExchangeFinder.findConnection(ExchangeFinder.kt:226) ~[okhttp-4.12.0.jar:na]
	at okhttp3.internal.connection.ExchangeFinder.findHealthyConnection(ExchangeFinder.kt:106) ~[okhttp-4.12.0.jar:na]
	at okhttp3.internal.connection.ExchangeFinder.find(ExchangeFinder.kt:74) ~[okhttp-4.12.0.jar:na]
	at okhttp3.internal.connection.RealCall.initExchange$okhttp(RealCall.kt:255) ~[okhttp-4.12.0.jar:na]
	at okhttp3.internal.connection.ConnectInterceptor.intercept(ConnectInterceptor.kt:32) ~[okhttp-4.12.0.jar:na]
	at okhttp3.internal.http.RealInterceptorChain.proceed(RealInterceptorChain.kt:109) ~[okhttp-4.12.0.jar:na]
	at okhttp3.internal.cache.CacheInterceptor.intercept(CacheInterceptor.kt:95) ~[okhttp-4.12.0.jar:na]
	at okhttp3.internal.http.RealInterceptorChain.proceed(RealInterceptorChain.kt:109) ~[okhttp-4.12.0.jar:na]
	at okhttp3.internal.http.BridgeInterceptor.intercept(BridgeInterceptor.kt:83) ~[okhttp-4.12.0.jar:na]
	at okhttp3.internal.http.RealInterceptorChain.proceed(RealInterceptorChain.kt:109) ~[okhttp-4.12.0.jar:na]
	at okhttp3.internal.http.RetryAndFollowUpInterceptor.intercept(RetryAndFollowUpInterceptor.kt:76) ~[okhttp-4.12.0.jar:na]
	at okhttp3.internal.http.RealInterceptorChain.proceed(RealInterceptorChain.kt:109) ~[okhttp-4.12.0.jar:na]
	at okhttp3.internal.connection.RealCall.getResponseWithInterceptorChain$okhttp(RealCall.kt:201) ~[okhttp-4.12.0.jar:na]
	at okhttp3.internal.connection.RealCall$AsyncCall.run(RealCall.kt:517) ~[okhttp-4.12.0.jar:na]
	at java.base/java.util.concurrent.ThreadPoolExecutor.runWorker(ThreadPoolExecutor.java:1144) ~[na:na]
	at java.base/java.util.concurrent.ThreadPoolExecutor$Worker.run(ThreadPoolExecutor.java:642) ~[na:na]
	at java.base/java.lang.Thread.run(Thread.java:1583) ~[na:na]
Caused by: java.net.ConnectException: Connection refused
	at java.base/sun.nio.ch.Net.pollConnect(Native Method) ~[na:na]
	at java.base/sun.nio.ch.Net.pollConnectNow(Net.java:694) ~[na:na]
	at java.base/sun.nio.ch.NioSocketImpl.timedFinishConnect(NioSocketImpl.java:542) ~[na:na]
	at java.base/sun.nio.ch.NioSocketImpl.connect(NioSocketImpl.java:592) ~[na:na]
	at java.base/java.net.SocksSocketImpl.connect(SocksSocketImpl.java:327) ~[na:na]
	at java.base/java.net.Socket.connect(Socket.java:751) ~[na:na]
	at okhttp3.internal.platform.Platform.connectSocket(Platform.kt:128) ~[okhttp-4.12.0.jar:na]
	at okhttp3.internal.connection.RealConnection.connectSocket(RealConnection.kt:295) ~[okhttp-4.12.0.jar:na]
	... 18 common frames omitted

2026-07-12T18:57:14.549+01:00  INFO 66028 --- [MySuguClientApp-test] [           main] m.m.config.MinioInitializer              : Buckets MinIO initialisés avec succès
2026-07-12T18:57:14.567+01:00  INFO 66028 --- [MySuguClientApp-test] [           main] ma.mysuguclientapp.config.StripeConfig   : Stripe désactivé ou clé API non configurée — paiements par carte ignorés
2026-07-12T18:57:16.052+01:00  WARN 66028 --- [MySuguClientApp-test] [           main] JpaBaseConfiguration$JpaWebConfiguration : spring.jpa.open-in-view is enabled by default. Therefore, database queries may be performed during view rendering. Explicitly configure spring.jpa.open-in-view to disable this warning
2026-07-12T18:57:16.130+01:00  INFO 66028 --- [MySuguClientApp-test] [           main] eAuthenticationProviderManagerConfigurer : Global AuthenticationManager configured with AuthenticationProvider bean with name authenticationProvider
2026-07-12T18:57:16.131+01:00  WARN 66028 --- [MySuguClientApp-test] [           main] r$InitializeUserDetailsManagerConfigurer : Global AuthenticationManager configured with an AuthenticationProvider bean. UserDetailsService beans will not be used by Spring Security for automatically configuring username/password login. Consider removing the AuthenticationProvider bean. Alternatively, consider using the UserDetailsService in a manually instantiated DaoAuthenticationProvider. If the current configuration is intentional, to turn off this warning, increase the logging level of 'org.springframework.security.config.annotation.authentication.configuration.InitializeUserDetailsBeanManagerConfigurer' to ERROR
2026-07-12T18:57:16.481+01:00  INFO 66028 --- [MySuguClientApp-test] [           main] o.s.b.a.e.web.EndpointLinksResolver      : Exposing 1 endpoint beneath base path '/actuator'
2026-07-12T18:57:16.507+01:00  INFO 66028 --- [MySuguClientApp-test] [           main] o.s.m.s.b.SimpleBrokerMessageHandler     : Starting...
2026-07-12T18:57:16.507+01:00  INFO 66028 --- [MySuguClientApp-test] [           main] o.s.m.s.b.SimpleBrokerMessageHandler     : BrokerAvailabilityEvent[available=true, SimpleBrokerMessageHandler [org.springframework.messaging.simp.broker.DefaultSubscriptionRegistry@5134b8df]]
2026-07-12T18:57:16.507+01:00  INFO 66028 --- [MySuguClientApp-test] [           main] o.s.m.s.b.SimpleBrokerMessageHandler     : Started.
2026-07-12T18:57:16.514+01:00  INFO 66028 --- [MySuguClientApp-test] [           main] m.m.legacy.seller.SellerContextTest      : Started SellerContextTest in 16.109 seconds (process running for 180.533)
2026-07-12T18:57:16.729+01:00  INFO 66028 --- [MySuguClientApp-test] [           main] t.c.s.AnnotationConfigContextLoaderUtils : Could not detect default configuration classes for test class [ma.mysuguclientapp.legacy.seller.SellerCouponCheckTest]: SellerCouponCheckTest does not declare any static, non-private, non-final, nested classes annotated with @Configuration.
2026-07-12T18:57:16.735+01:00  INFO 66028 --- [MySuguClientApp-test] [           main] .b.t.c.SpringBootTestContextBootstrapper : Found @SpringBootConfiguration ma.mysuguclientapp.MySuguClientAppApplication for test class ma.mysuguclientapp.legacy.seller.SellerCouponCheckTest
2026-07-12T18:57:16.737+01:00  INFO 66028 --- [MySuguClientApp-test] [           main] o.s.m.s.b.SimpleBrokerMessageHandler     : Stopping...
2026-07-12T18:57:16.737+01:00  INFO 66028 --- [MySuguClientApp-test] [           main] o.s.m.s.b.SimpleBrokerMessageHandler     : BrokerAvailabilityEvent[available=false, SimpleBrokerMessageHandler [org.springframework.messaging.simp.broker.DefaultSubscriptionRegistry@5134b8df]]
2026-07-12T18:57:16.737+01:00  INFO 66028 --- [MySuguClientApp-test] [           main] o.s.m.s.b.SimpleBrokerMessageHandler     : Stopped.
2026-07-12T18:57:16.738+01:00  INFO 66028 --- [MySuguClientApp-test] [           main] o.s.m.s.b.SimpleBrokerMessageHandler     : Starting...
2026-07-12T18:57:16.738+01:00  INFO 66028 --- [MySuguClientApp-test] [           main] o.s.m.s.b.SimpleBrokerMessageHandler     : BrokerAvailabilityEvent[available=true, SimpleBrokerMessageHandler [org.springframework.messaging.simp.broker.DefaultSubscriptionRegistry@142e8c2b]]
2026-07-12T18:57:16.738+01:00  INFO 66028 --- [MySuguClientApp-test] [           main] o.s.m.s.b.SimpleBrokerMessageHandler     : Started.
2026-07-12T18:57:17.237+01:00  INFO 66028 --- [MySuguClientApp-test] [           main] t.c.s.AnnotationConfigContextLoaderUtils : Could not detect default configuration classes for test class [ma.mysuguclientapp.legacy.seller.SellerCouponCustomersStubTest]: SellerCouponCustomersStubTest does not declare any static, non-private, non-final, nested classes annotated with @Configuration.
2026-07-12T18:57:17.242+01:00  INFO 66028 --- [MySuguClientApp-test] [           main] .b.t.c.SpringBootTestContextBootstrapper : Found @SpringBootConfiguration ma.mysuguclientapp.MySuguClientAppApplication for test class ma.mysuguclientapp.legacy.seller.SellerCouponCustomersStubTest
2026-07-12T18:57:17.446+01:00  INFO 66028 --- [MySuguClientApp-test] [           main] t.c.s.AnnotationConfigContextLoaderUtils : Could not detect default configuration classes for test class [ma.mysuguclientapp.legacy.seller.SellerCouponListTest]: SellerCouponListTest does not declare any static, non-private, non-final, nested classes annotated with @Configuration.
2026-07-12T18:57:17.452+01:00  INFO 66028 --- [MySuguClientApp-test] [           main] .b.t.c.SpringBootTestContextBootstrapper : Found @SpringBootConfiguration ma.mysuguclientapp.MySuguClientAppApplication for test class ma.mysuguclientapp.legacy.seller.SellerCouponListTest
2026-07-12T18:57:17.912+01:00  INFO 66028 --- [MySuguClientApp-test] [           main] t.c.s.AnnotationConfigContextLoaderUtils : Could not detect default configuration classes for test class [ma.mysuguclientapp.legacy.seller.SellerCouponMutateTest]: SellerCouponMutateTest does not declare any static, non-private, non-final, nested classes annotated with @Configuration.
2026-07-12T18:57:17.917+01:00  INFO 66028 --- [MySuguClientApp-test] [           main] .b.t.c.SpringBootTestContextBootstrapper : Found @SpringBootConfiguration ma.mysuguclientapp.MySuguClientAppApplication for test class ma.mysuguclientapp.legacy.seller.SellerCouponMutateTest
2026-07-12T18:57:19.103+01:00  WARN 66028 --- [MySuguClientApp-test] [o-auto-3-exec-3] m.m.exceptions.GlobalExceptionHandler    : ResponseStatusException: 404 NOT_FOUND - Coupon non trouvé
2026-07-12T18:57:19.134+01:00  WARN 66028 --- [MySuguClientApp-test] [o-auto-3-exec-9] m.m.exceptions.GlobalExceptionHandler    : ResponseStatusException: 404 NOT_FOUND - Coupon non trouvé
2026-07-12T18:57:19.162+01:00  WARN 66028 --- [MySuguClientApp-test] [o-auto-3-exec-8] m.m.exceptions.GlobalExceptionHandler    : ResponseStatusException: 404 NOT_FOUND - Coupon non trouvé
2026-07-12T18:57:19.228+01:00  INFO 66028 --- [MySuguClientApp-test] [           main] t.c.s.AnnotationConfigContextLoaderUtils : Could not detect default configuration classes for test class [ma.mysuguclientapp.legacy.seller.SellerCouponStoreTest]: SellerCouponStoreTest does not declare any static, non-private, non-final, nested classes annotated with @Configuration.
2026-07-12T18:57:19.235+01:00  INFO 66028 --- [MySuguClientApp-test] [           main] .b.t.c.SpringBootTestContextBootstrapper : Found @SpringBootConfiguration ma.mysuguclientapp.MySuguClientAppApplication for test class ma.mysuguclientapp.legacy.seller.SellerCouponStoreTest
2026-07-12T18:57:19.462+01:00  INFO 66028 --- [MySuguClientApp-test] [           main] t.c.s.AnnotationConfigContextLoaderUtils : Could not detect default configuration classes for test class [ma.mysuguclientapp.legacy.seller.SellerEarningStatisticsTest]: SellerEarningStatisticsTest does not declare any static, non-private, non-final, nested classes annotated with @Configuration.
2026-07-12T18:57:19.469+01:00  INFO 66028 --- [MySuguClientApp-test] [           main] .b.t.c.SpringBootTestContextBootstrapper : Found @SpringBootConfiguration ma.mysuguclientapp.MySuguClientAppApplication for test class ma.mysuguclientapp.legacy.seller.SellerEarningStatisticsTest
2026-07-12T18:57:20.702+01:00  INFO 66028 --- [MySuguClientApp-test] [           main] t.c.s.AnnotationConfigContextLoaderUtils : Could not detect default configuration classes for test class [ma.mysuguclientapp.legacy.seller.SellerInfoTest]: SellerInfoTest does not declare any static, non-private, non-final, nested classes annotated with @Configuration.
2026-07-12T18:57:20.708+01:00  INFO 66028 --- [MySuguClientApp-test] [           main] .b.t.c.SpringBootTestContextBootstrapper : Found @SpringBootConfiguration ma.mysuguclientapp.MySuguClientAppApplication for test class ma.mysuguclientapp.legacy.seller.SellerInfoTest
2026-07-12T18:57:20.884+01:00  WARN 66028 --- [MySuguClientApp-test] [o-auto-3-exec-5] m.m.exceptions.GlobalExceptionHandler    : ResponseStatusException: 403 FORBIDDEN - Réservé au vendeur
2026-07-12T18:57:21.210+01:00  INFO 66028 --- [MySuguClientApp-test] [           main] t.c.s.AnnotationConfigContextLoaderUtils : Could not detect default configuration classes for test class [ma.mysuguclientapp.legacy.seller.SellerNotificationListTest]: SellerNotificationListTest does not declare any static, non-private, non-final, nested classes annotated with @Configuration.
2026-07-12T18:57:21.218+01:00  INFO 66028 --- [MySuguClientApp-test] [           main] .b.t.c.SpringBootTestContextBootstrapper : Found @SpringBootConfiguration ma.mysuguclientapp.MySuguClientAppApplication for test class ma.mysuguclientapp.legacy.seller.SellerNotificationListTest
2026-07-12T18:57:22.718+01:00  INFO 66028 --- [MySuguClientApp-test] [           main] t.c.s.AnnotationConfigContextLoaderUtils : Could not detect default configuration classes for test class [ma.mysuguclientapp.legacy.seller.SellerNotificationViewTest]: SellerNotificationViewTest does not declare any static, non-private, non-final, nested classes annotated with @Configuration.
2026-07-12T18:57:22.724+01:00  INFO 66028 --- [MySuguClientApp-test] [           main] .b.t.c.SpringBootTestContextBootstrapper : Found @SpringBootConfiguration ma.mysuguclientapp.MySuguClientAppApplication for test class ma.mysuguclientapp.legacy.seller.SellerNotificationViewTest
2026-07-12T18:57:23.268+01:00  WARN 66028 --- [MySuguClientApp-test] [o-auto-3-exec-6] m.m.exceptions.GlobalExceptionHandler    : ResponseStatusException: 404 NOT_FOUND - Notification non trouvée
2026-07-12T18:57:23.535+01:00  WARN 66028 --- [MySuguClientApp-test] [o-auto-3-exec-9] m.m.exceptions.GlobalExceptionHandler    : ResponseStatusException: 404 NOT_FOUND - Notification non trouvée
2026-07-12T18:57:23.837+01:00  WARN 66028 --- [MySuguClientApp-test] [o-auto-3-exec-7] m.m.exceptions.GlobalExceptionHandler    : ResponseStatusException: 404 NOT_FOUND - Notification non trouvée
2026-07-12T18:57:23.899+01:00  INFO 66028 --- [MySuguClientApp-test] [           main] t.c.s.AnnotationConfigContextLoaderUtils : Could not detect default configuration classes for test class [ma.mysuguclientapp.legacy.seller.SellerOrderStatisticsTest]: SellerOrderStatisticsTest does not declare any static, non-private, non-final, nested classes annotated with @Configuration.
2026-07-12T18:57:23.904+01:00  INFO 66028 --- [MySuguClientApp-test] [           main] .b.t.c.SpringBootTestContextBootstrapper : Found @SpringBootConfiguration ma.mysuguclientapp.MySuguClientAppApplication for test class ma.mysuguclientapp.legacy.seller.SellerOrderStatisticsTest
2026-07-12T18:57:24.972+01:00  INFO 66028 --- [MySuguClientApp-test] [           main] t.c.s.AnnotationConfigContextLoaderUtils : Could not detect default configuration classes for test class [ma.mysuguclientapp.legacy.seller.SellerPasswordResetTest]: SellerPasswordResetTest does not declare any static, non-private, non-final, nested classes annotated with @Configuration.
2026-07-12T18:57:24.976+01:00  INFO 66028 --- [MySuguClientApp-test] [           main] .b.t.c.SpringBootTestContextBootstrapper : Found @SpringBootConfiguration ma.mysuguclientapp.MySuguClientAppApplication for test class ma.mysuguclientapp.legacy.seller.SellerPasswordResetTest
2026-07-12T18:57:24.977+01:00  INFO 66028 --- [MySuguClientApp-test] [           main] o.s.m.s.b.SimpleBrokerMessageHandler     : Stopping...
2026-07-12T18:57:24.978+01:00  INFO 66028 --- [MySuguClientApp-test] [           main] o.s.m.s.b.SimpleBrokerMessageHandler     : BrokerAvailabilityEvent[available=false, SimpleBrokerMessageHandler [org.springframework.messaging.simp.broker.DefaultSubscriptionRegistry@142e8c2b]]
2026-07-12T18:57:24.978+01:00  INFO 66028 --- [MySuguClientApp-test] [           main] o.s.m.s.b.SimpleBrokerMessageHandler     : Stopped.
2026-07-12T18:57:24.978+01:00  INFO 66028 --- [MySuguClientApp-test] [           main] o.s.m.s.b.SimpleBrokerMessageHandler     : Starting...
2026-07-12T18:57:24.978+01:00  INFO 66028 --- [MySuguClientApp-test] [           main] o.s.m.s.b.SimpleBrokerMessageHandler     : BrokerAvailabilityEvent[available=true, SimpleBrokerMessageHandler [org.springframework.messaging.simp.broker.DefaultSubscriptionRegistry@231687c6]]
2026-07-12T18:57:24.978+01:00  INFO 66028 --- [MySuguClientApp-test] [           main] o.s.m.s.b.SimpleBrokerMessageHandler     : Started.
2026-07-12T18:57:25.144+01:00  INFO 66028 --- [MySuguClientApp-test] [o-auto-2-exec-2] m.m.l.s.controller.SellerAuthController  : OTP reset vendeur généré pour seller-reset-215000553798622@test.mysugu (exp 2min)
2026-07-12T18:57:25.364+01:00  INFO 66028 --- [MySuguClientApp-test] [           main] t.c.s.AnnotationConfigContextLoaderUtils : Could not detect default configuration classes for test class [ma.mysuguclientapp.legacy.seller.SellerProductImagesTest]: SellerProductImagesTest does not declare any static, non-private, non-final, nested classes annotated with @Configuration.
2026-07-12T18:57:25.369+01:00  INFO 66028 --- [MySuguClientApp-test] [           main] .b.t.c.SpringBootTestContextBootstrapper : Found @SpringBootConfiguration ma.mysuguclientapp.MySuguClientAppApplication for test class ma.mysuguclientapp.legacy.seller.SellerProductImagesTest
2026-07-12T18:57:25.638+01:00  WARN 66028 --- [MySuguClientApp-test] [o-auto-2-exec-8] m.m.exceptions.GlobalExceptionHandler    : ResponseStatusException: 404 NOT_FOUND - Produit non trouvé
2026-07-12T18:57:26.046+01:00  INFO 66028 --- [MySuguClientApp-test] [o-auto-2-exec-1] m.m.s.implementations.PlatServiceImpl    : Plat mis à jour: Tajine
2026-07-12T18:57:26.153+01:00  INFO 66028 --- [MySuguClientApp-test] [o-auto-2-exec-3] m.m.s.implementations.PlatServiceImpl    : Plat mis à jour: Tajine
2026-07-12T18:57:26.594+01:00  WARN 66028 --- [MySuguClientApp-test] [o-auto-2-exec-9] m.m.exceptions.GlobalExceptionHandler    : ResponseStatusException: 404 NOT_FOUND - Produit non trouvé
2026-07-12T18:57:26.938+01:00  WARN 66028 --- [MySuguClientApp-test] [o-auto-2-exec-2] m.m.exceptions.GlobalExceptionHandler    : ResponseStatusException: 404 NOT_FOUND - Produit non trouvé
2026-07-12T18:57:27.028+01:00  INFO 66028 --- [MySuguClientApp-test] [           main] t.c.s.AnnotationConfigContextLoaderUtils : Could not detect default configuration classes for test class [ma.mysuguclientapp.legacy.seller.SellerProductListTest]: SellerProductListTest does not declare any static, non-private, non-final, nested classes annotated with @Configuration.
2026-07-12T18:57:27.039+01:00  INFO 66028 --- [MySuguClientApp-test] [           main] .b.t.c.SpringBootTestContextBootstrapper : Found @SpringBootConfiguration ma.mysuguclientapp.MySuguClientAppApplication for test class ma.mysuguclientapp.legacy.seller.SellerProductListTest
2026-07-12T18:57:27.042+01:00  INFO 66028 --- [MySuguClientApp-test] [           main] o.s.m.s.b.SimpleBrokerMessageHandler     : Stopping...
2026-07-12T18:57:27.042+01:00  INFO 66028 --- [MySuguClientApp-test] [           main] o.s.m.s.b.SimpleBrokerMessageHandler     : BrokerAvailabilityEvent[available=false, SimpleBrokerMessageHandler [org.springframework.messaging.simp.broker.DefaultSubscriptionRegistry@231687c6]]
2026-07-12T18:57:27.043+01:00  INFO 66028 --- [MySuguClientApp-test] [           main] o.s.m.s.b.SimpleBrokerMessageHandler     : Stopped.
2026-07-12T18:57:27.045+01:00  INFO 66028 --- [MySuguClientApp-test] [           main] o.s.m.s.b.SimpleBrokerMessageHandler     : Starting...
2026-07-12T18:57:27.045+01:00  INFO 66028 --- [MySuguClientApp-test] [           main] o.s.m.s.b.SimpleBrokerMessageHandler     : BrokerAvailabilityEvent[available=true, SimpleBrokerMessageHandler [org.springframework.messaging.simp.broker.DefaultSubscriptionRegistry@142e8c2b]]
2026-07-12T18:57:27.045+01:00  INFO 66028 --- [MySuguClientApp-test] [           main] o.s.m.s.b.SimpleBrokerMessageHandler     : Started.
2026-07-12T18:57:27.699+01:00  WARN 66028 --- [MySuguClientApp-test] [o-auto-3-exec-4] m.m.exceptions.GlobalExceptionHandler    : ResponseStatusException: 404 NOT_FOUND - Produit non trouvé
2026-07-12T18:57:28.057+01:00  WARN 66028 --- [MySuguClientApp-test] [o-auto-3-exec-3] m.m.exceptions.GlobalExceptionHandler    : ResponseStatusException: 404 NOT_FOUND - Produit non trouvé
2026-07-12T18:57:28.785+01:00  INFO 66028 --- [MySuguClientApp-test] [           main] t.c.s.AnnotationConfigContextLoaderUtils : Could not detect default configuration classes for test class [ma.mysuguclientapp.legacy.seller.SellerProductReviewTest]: SellerProductReviewTest does not declare any static, non-private, non-final, nested classes annotated with @Configuration.
2026-07-12T18:57:28.795+01:00  INFO 66028 --- [MySuguClientApp-test] [           main] .b.t.c.SpringBootTestContextBootstrapper : Found @SpringBootConfiguration ma.mysuguclientapp.MySuguClientAppApplication for test class ma.mysuguclientapp.legacy.seller.SellerProductReviewTest
2026-07-12T18:57:29.066+01:00  INFO 66028 --- [MySuguClientApp-test] [o-auto-3-exec-5] m.m.s.implementations.AvisServiceImpl    : Avis 1 modéré: APPROUVE
2026-07-12T18:57:29.727+01:00  INFO 66028 --- [MySuguClientApp-test] [           main] t.c.s.AnnotationConfigContextLoaderUtils : Could not detect default configuration classes for test class [ma.mysuguclientapp.legacy.seller.SellerProductStatusTest]: SellerProductStatusTest does not declare any static, non-private, non-final, nested classes annotated with @Configuration.
2026-07-12T18:57:29.731+01:00  INFO 66028 --- [MySuguClientApp-test] [           main] .b.t.c.SpringBootTestContextBootstrapper : Found @SpringBootConfiguration ma.mysuguclientapp.MySuguClientAppApplication for test class ma.mysuguclientapp.legacy.seller.SellerProductStatusTest
2026-07-12T18:57:29.981+01:00  WARN 66028 --- [MySuguClientApp-test] [o-auto-3-exec-6] m.m.exceptions.GlobalExceptionHandler    : ResponseStatusException: 404 NOT_FOUND - Produit non trouvé
2026-07-12T18:57:30.291+01:00  INFO 66028 --- [MySuguClientApp-test] [o-auto-3-exec-9] m.m.s.implementations.PlatServiceImpl    : Disponibilité du plat Tajine changée à: INDISPONIBLE_DEFINITIVE
2026-07-12T18:57:30.346+01:00  INFO 66028 --- [MySuguClientApp-test] [o-auto-3-exec-7] m.m.s.implementations.PlatServiceImpl    : Disponibilité du plat Tajine changée à: DISPONIBLE
2026-07-12T18:57:30.454+01:00  INFO 66028 --- [MySuguClientApp-test] [           main] t.c.s.AnnotationConfigContextLoaderUtils : Could not detect default configuration classes for test class [ma.mysuguclientapp.legacy.seller.SellerProductStockStubTest]: SellerProductStockStubTest does not declare any static, non-private, non-final, nested classes annotated with @Configuration.
2026-07-12T18:57:30.460+01:00  INFO 66028 --- [MySuguClientApp-test] [           main] .b.t.c.SpringBootTestContextBootstrapper : Found @SpringBootConfiguration ma.mysuguclientapp.MySuguClientAppApplication for test class ma.mysuguclientapp.legacy.seller.SellerProductStockStubTest
2026-07-12T18:57:30.838+01:00  INFO 66028 --- [MySuguClientApp-test] [           main] t.c.s.AnnotationConfigContextLoaderUtils : Could not detect default configuration classes for test class [ma.mysuguclientapp.legacy.seller.SellerProductWriteTest]: SellerProductWriteTest does not declare any static, non-private, non-final, nested classes annotated with @Configuration.
2026-07-12T18:57:30.843+01:00  INFO 66028 --- [MySuguClientApp-test] [           main] .b.t.c.SpringBootTestContextBootstrapper : Found @SpringBootConfiguration ma.mysuguclientapp.MySuguClientAppApplication for test class ma.mysuguclientapp.legacy.seller.SellerProductWriteTest
2026-07-12T18:57:30.846+01:00  INFO 66028 --- [MySuguClientApp-test] [           main] o.s.m.s.b.SimpleBrokerMessageHandler     : Stopping...
2026-07-12T18:57:30.846+01:00  INFO 66028 --- [MySuguClientApp-test] [           main] o.s.m.s.b.SimpleBrokerMessageHandler     : BrokerAvailabilityEvent[available=false, SimpleBrokerMessageHandler [org.springframework.messaging.simp.broker.DefaultSubscriptionRegistry@142e8c2b]]
2026-07-12T18:57:30.846+01:00  INFO 66028 --- [MySuguClientApp-test] [           main] o.s.m.s.b.SimpleBrokerMessageHandler     : Stopped.
2026-07-12T18:57:30.846+01:00  INFO 66028 --- [MySuguClientApp-test] [           main] o.s.m.s.b.SimpleBrokerMessageHandler     : Starting...
2026-07-12T18:57:30.846+01:00  INFO 66028 --- [MySuguClientApp-test] [           main] o.s.m.s.b.SimpleBrokerMessageHandler     : BrokerAvailabilityEvent[available=true, SimpleBrokerMessageHandler [org.springframework.messaging.simp.broker.DefaultSubscriptionRegistry@231687c6]]
2026-07-12T18:57:30.846+01:00  INFO 66028 --- [MySuguClientApp-test] [           main] o.s.m.s.b.SimpleBrokerMessageHandler     : Started.
2026-07-12T18:57:31.108+01:00  WARN 66028 --- [MySuguClientApp-test] [o-auto-2-exec-4] m.m.exceptions.GlobalExceptionHandler    : ResponseStatusException: 404 NOT_FOUND - Produit non trouvé
2026-07-12T18:57:31.418+01:00  INFO 66028 --- [MySuguClientApp-test] [o-auto-2-exec-7] m.m.s.implementations.PlatServiceImpl    : PLAT CREATE DTO : PlatCreateDTO(nom=Avant, description=desc, prix=30.00, ingredients=null, categoriePlat=null, categorieProduit=null, restaurantId=105, tempsPreparation=null, availabilityMode=null, indisponibleJusqua=null, removeImage=null)
2026-07-12T18:57:31.424+01:00  INFO 66028 --- [MySuguClientApp-test] [o-auto-2-exec-7] m.m.s.implementations.PlatServiceImpl    : Plat créé: Avant
2026-07-12T18:57:31.507+01:00  INFO 66028 --- [MySuguClientApp-test] [-auto-2-exec-10] m.m.s.implementations.PlatServiceImpl    : Plat mis à jour: Apres
2026-07-12T18:57:31.883+01:00  WARN 66028 --- [MySuguClientApp-test] [o-auto-2-exec-1] m.m.exceptions.GlobalExceptionHandler    : ResponseStatusException: 404 NOT_FOUND - Produit non trouvé
2026-07-12T18:57:32.198+01:00  INFO 66028 --- [MySuguClientApp-test] [o-auto-2-exec-3] m.m.s.implementations.PlatServiceImpl    : PLAT CREATE DTO : PlatCreateDTO(nom=Tajine Kefta, description=Tajine avec kefta, prix=45.00, ingredients=null, categoriePlat=null, categorieProduit=null, restaurantId=109, tempsPreparation=null, availabilityMode=null, indisponibleJusqua=null, removeImage=null)
2026-07-12T18:57:32.200+01:00  INFO 66028 --- [MySuguClientApp-test] [o-auto-2-exec-3] m.m.s.implementations.PlatServiceImpl    : Plat créé: Tajine Kefta
2026-07-12T18:57:32.549+01:00  INFO 66028 --- [MySuguClientApp-test] [o-auto-2-exec-7] m.m.s.implementations.PlatServiceImpl    : PLAT CREATE DTO : PlatCreateDTO(nom=AEffacer, description=desc, prix=30.00, ingredients=null, categoriePlat=null, categorieProduit=null, restaurantId=111, tempsPreparation=null, availabilityMode=null, indisponibleJusqua=null, removeImage=null)
2026-07-12T18:57:32.552+01:00  INFO 66028 --- [MySuguClientApp-test] [o-auto-2-exec-7] m.m.s.implementations.PlatServiceImpl    : Plat créé: AEffacer
2026-07-12T18:57:32.652+01:00  INFO 66028 --- [MySuguClientApp-test] [-auto-2-exec-10] m.m.s.implementations.PlatServiceImpl    : Plat supprimé: AEffacer
2026-07-12T18:57:32.715+01:00 ERROR 66028 --- [MySuguClientApp-test] [o-auto-2-exec-5] m.m.exceptions.GlobalExceptionHandler    : Ressource non trouvée: Plat non trouvé avec l'ID: 89
2026-07-12T18:57:32.793+01:00  INFO 66028 --- [MySuguClientApp-test] [           main] t.c.s.AnnotationConfigContextLoaderUtils : Could not detect default configuration classes for test class [ma.mysuguclientapp.legacy.seller.SellerRegistrationTest]: SellerRegistrationTest does not declare any static, non-private, non-final, nested classes annotated with @Configuration.
2026-07-12T18:57:32.799+01:00  INFO 66028 --- [MySuguClientApp-test] [           main] .b.t.c.SpringBootTestContextBootstrapper : Found @SpringBootConfiguration ma.mysuguclientapp.MySuguClientAppApplication for test class ma.mysuguclientapp.legacy.seller.SellerRegistrationTest
2026-07-12T18:57:32.982+01:00  INFO 66028 --- [MySuguClientApp-test] [o-auto-2-exec-1] m.m.s.implementations.UserServiceImpl    : Utilisateur créé avec succès: seller-reg-215008394250788@test.mysugu
2026-07-12T18:57:32.995+01:00  INFO 66028 --- [MySuguClientApp-test] [o-auto-2-exec-1] m.m.s.i.RestaurantServiceImpl            : Onboarding soumis: restaurant 'Chez Foo' par seller-reg-215008394250788@test.mysugu
2026-07-12T18:57:33.001+01:00  INFO 66028 --- [MySuguClientApp-test] [o-auto-2-exec-1] m.m.l.s.c.SellerRegistrationController   : Boutique vendeur créée (EN_ATTENTE) à l'inscription pour seller-reg-215008394250788@test.mysugu
2026-07-12T18:57:33.073+01:00  INFO 66028 --- [MySuguClientApp-test] [o-auto-2-exec-1] m.m.l.s.c.SellerRegistrationController   : Inscription vendeur réussie pour seller-reg-215008394250788@test.mysugu
2026-07-12T18:57:33.109+01:00  INFO 66028 --- [MySuguClientApp-test] [           main] t.c.s.AnnotationConfigContextLoaderUtils : Could not detect default configuration classes for test class [ma.mysuguclientapp.legacy.seller.SellerSharedTest]: SellerSharedTest does not declare any static, non-private, non-final, nested classes annotated with @Configuration.
2026-07-12T18:57:33.113+01:00  INFO 66028 --- [MySuguClientApp-test] [           main] .b.t.c.SpringBootTestContextBootstrapper : Found @SpringBootConfiguration ma.mysuguclientapp.MySuguClientAppApplication for test class ma.mysuguclientapp.legacy.seller.SellerSharedTest
2026-07-12T18:57:33.184+01:00  INFO 66028 --- [MySuguClientApp-test] [           main] t.c.s.AnnotationConfigContextLoaderUtils : Could not detect default configuration classes for test class [ma.mysuguclientapp.legacy.seller.SellerTopDeliveryManTest]: SellerTopDeliveryManTest does not declare any static, non-private, non-final, nested classes annotated with @Configuration.
2026-07-12T18:57:33.189+01:00  INFO 66028 --- [MySuguClientApp-test] [           main] .b.t.c.SpringBootTestContextBootstrapper : Found @SpringBootConfiguration ma.mysuguclientapp.MySuguClientAppApplication for test class ma.mysuguclientapp.legacy.seller.SellerTopDeliveryManTest
2026-07-12T18:57:33.195+01:00  INFO 66028 --- [MySuguClientApp-test] [           main] o.s.m.s.b.SimpleBrokerMessageHandler     : Stopping...
2026-07-12T18:57:33.195+01:00  INFO 66028 --- [MySuguClientApp-test] [           main] o.s.m.s.b.SimpleBrokerMessageHandler     : BrokerAvailabilityEvent[available=false, SimpleBrokerMessageHandler [org.springframework.messaging.simp.broker.DefaultSubscriptionRegistry@231687c6]]
2026-07-12T18:57:33.195+01:00  INFO 66028 --- [MySuguClientApp-test] [           main] o.s.m.s.b.SimpleBrokerMessageHandler     : Stopped.
2026-07-12T18:57:33.196+01:00  INFO 66028 --- [MySuguClientApp-test] [           main] o.s.m.s.b.SimpleBrokerMessageHandler     : Starting...
2026-07-12T18:57:33.197+01:00  INFO 66028 --- [MySuguClientApp-test] [           main] o.s.m.s.b.SimpleBrokerMessageHandler     : BrokerAvailabilityEvent[available=true, SimpleBrokerMessageHandler [org.springframework.messaging.simp.broker.DefaultSubscriptionRegistry@142e8c2b]]
2026-07-12T18:57:33.197+01:00  INFO 66028 --- [MySuguClientApp-test] [           main] o.s.m.s.b.SimpleBrokerMessageHandler     : Started.
2026-07-12T18:57:33.407+01:00  INFO 66028 --- [MySuguClientApp-test] [           main] t.c.s.AnnotationConfigContextLoaderUtils : Could not detect default configuration classes for test class [ma.mysuguclientapp.legacy.seller.SellerTopSellingTest]: SellerTopSellingTest does not declare any static, non-private, non-final, nested classes annotated with @Configuration.
2026-07-12T18:57:33.416+01:00  INFO 66028 --- [MySuguClientApp-test] [           main] .b.t.c.SpringBootTestContextBootstrapper : Found @SpringBootConfiguration ma.mysuguclientapp.MySuguClientAppApplication for test class ma.mysuguclientapp.legacy.seller.SellerTopSellingTest
2026-07-12T18:57:34.728+01:00  INFO 66028 --- [MySuguClientApp-test] [           main] t.c.s.AnnotationConfigContextLoaderUtils : Could not detect default configuration classes for test class [ma.mysuguclientapp.legacy.seller.SellerUpdateTest]: SellerUpdateTest does not declare any static, non-private, non-final, nested classes annotated with @Configuration.
2026-07-12T18:57:34.733+01:00  INFO 66028 --- [MySuguClientApp-test] [           main] .b.t.c.SpringBootTestContextBootstrapper : Found @SpringBootConfiguration ma.mysuguclientapp.MySuguClientAppApplication for test class ma.mysuguclientapp.legacy.seller.SellerUpdateTest
2026-07-12T18:57:34.735+01:00  INFO 66028 --- [MySuguClientApp-test] [           main] o.s.m.s.b.SimpleBrokerMessageHandler     : Stopping...
2026-07-12T18:57:34.735+01:00  INFO 66028 --- [MySuguClientApp-test] [           main] o.s.m.s.b.SimpleBrokerMessageHandler     : BrokerAvailabilityEvent[available=false, SimpleBrokerMessageHandler [org.springframework.messaging.simp.broker.DefaultSubscriptionRegistry@142e8c2b]]
2026-07-12T18:57:34.735+01:00  INFO 66028 --- [MySuguClientApp-test] [           main] o.s.m.s.b.SimpleBrokerMessageHandler     : Stopped.
2026-07-12T18:57:34.736+01:00  INFO 66028 --- [MySuguClientApp-test] [           main] o.s.m.s.b.SimpleBrokerMessageHandler     : Starting...
2026-07-12T18:57:34.736+01:00  INFO 66028 --- [MySuguClientApp-test] [           main] o.s.m.s.b.SimpleBrokerMessageHandler     : BrokerAvailabilityEvent[available=true, SimpleBrokerMessageHandler [org.springframework.messaging.simp.broker.DefaultSubscriptionRegistry@231687c6]]
2026-07-12T18:57:34.736+01:00  INFO 66028 --- [MySuguClientApp-test] [           main] o.s.m.s.b.SimpleBrokerMessageHandler     : Started.
2026-07-12T18:57:34.981+01:00  INFO 66028 --- [MySuguClientApp-test] [           main] t.c.s.AnnotationConfigContextLoaderUtils : Could not detect default configuration classes for test class [ma.mysuguclientapp.legacy.seller.ShopInfoTest]: ShopInfoTest does not declare any static, non-private, non-final, nested classes annotated with @Configuration.
2026-07-12T18:57:34.986+01:00  INFO 66028 --- [MySuguClientApp-test] [           main] .b.t.c.SpringBootTestContextBootstrapper : Found @SpringBootConfiguration ma.mysuguclientapp.MySuguClientAppApplication for test class ma.mysuguclientapp.legacy.seller.ShopInfoTest
2026-07-12T18:57:34.988+01:00  INFO 66028 --- [MySuguClientApp-test] [           main] o.s.m.s.b.SimpleBrokerMessageHandler     : Stopping...
2026-07-12T18:57:34.988+01:00  INFO 66028 --- [MySuguClientApp-test] [           main] o.s.m.s.b.SimpleBrokerMessageHandler     : BrokerAvailabilityEvent[available=false, SimpleBrokerMessageHandler [org.springframework.messaging.simp.broker.DefaultSubscriptionRegistry@231687c6]]
2026-07-12T18:57:34.989+01:00  INFO 66028 --- [MySuguClientApp-test] [           main] o.s.m.s.b.SimpleBrokerMessageHandler     : Stopped.
2026-07-12T18:57:34.990+01:00  INFO 66028 --- [MySuguClientApp-test] [           main] o.s.m.s.b.SimpleBrokerMessageHandler     : Starting...
2026-07-12T18:57:34.990+01:00  INFO 66028 --- [MySuguClientApp-test] [           main] o.s.m.s.b.SimpleBrokerMessageHandler     : BrokerAvailabilityEvent[available=true, SimpleBrokerMessageHandler [org.springframework.messaging.simp.broker.DefaultSubscriptionRegistry@142e8c2b]]
2026-07-12T18:57:34.990+01:00  INFO 66028 --- [MySuguClientApp-test] [           main] o.s.m.s.b.SimpleBrokerMessageHandler     : Started.
2026-07-12T18:57:35.188+01:00  INFO 66028 --- [MySuguClientApp-test] [           main] t.c.s.AnnotationConfigContextLoaderUtils : Could not detect default configuration classes for test class [ma.mysuguclientapp.legacy.seller.ShopUpdateTest]: ShopUpdateTest does not declare any static, non-private, non-final, nested classes annotated with @Configuration.
2026-07-12T18:57:35.192+01:00  INFO 66028 --- [MySuguClientApp-test] [           main] .b.t.c.SpringBootTestContextBootstrapper : Found @SpringBootConfiguration ma.mysuguclientapp.MySuguClientAppApplication for test class ma.mysuguclientapp.legacy.seller.ShopUpdateTest
2026-07-12T18:57:35.194+01:00  INFO 66028 --- [MySuguClientApp-test] [           main] o.s.m.s.b.SimpleBrokerMessageHandler     : Stopping...
2026-07-12T18:57:35.194+01:00  INFO 66028 --- [MySuguClientApp-test] [           main] o.s.m.s.b.SimpleBrokerMessageHandler     : BrokerAvailabilityEvent[available=false, SimpleBrokerMessageHandler [org.springframework.messaging.simp.broker.DefaultSubscriptionRegistry@142e8c2b]]
2026-07-12T18:57:35.194+01:00  INFO 66028 --- [MySuguClientApp-test] [           main] o.s.m.s.b.SimpleBrokerMessageHandler     : Stopped.
2026-07-12T18:57:35.195+01:00  INFO 66028 --- [MySuguClientApp-test] [           main] o.s.m.s.b.SimpleBrokerMessageHandler     : Starting...
2026-07-12T18:57:35.195+01:00  INFO 66028 --- [MySuguClientApp-test] [           main] o.s.m.s.b.SimpleBrokerMessageHandler     : BrokerAvailabilityEvent[available=true, SimpleBrokerMessageHandler [org.springframework.messaging.simp.broker.DefaultSubscriptionRegistry@231687c6]]
2026-07-12T18:57:35.195+01:00  INFO 66028 --- [MySuguClientApp-test] [           main] o.s.m.s.b.SimpleBrokerMessageHandler     : Started.
2026-07-12T18:57:35.433+01:00  INFO 66028 --- [MySuguClientApp-test] [o-auto-2-exec-3] m.m.s.i.RestaurantServiceImpl            : Restaurant mis à jour: Deux Renommee
2026-07-12T18:57:35.527+01:00  INFO 66028 --- [MySuguClientApp-test] [           main] t.c.s.AnnotationConfigContextLoaderUtils : Could not detect default configuration classes for test class [ma.mysuguclientapp.legacy.seller.TemporaryCloseTest]: TemporaryCloseTest does not declare any static, non-private, non-final, nested classes annotated with @Configuration.
2026-07-12T18:57:35.533+01:00  INFO 66028 --- [MySuguClientApp-test] [           main] .b.t.c.SpringBootTestContextBootstrapper : Found @SpringBootConfiguration ma.mysuguclientapp.MySuguClientAppApplication for test class ma.mysuguclientapp.legacy.seller.TemporaryCloseTest
2026-07-12T18:57:35.535+01:00  INFO 66028 --- [MySuguClientApp-test] [           main] o.s.m.s.b.SimpleBrokerMessageHandler     : Stopping...
2026-07-12T18:57:35.535+01:00  INFO 66028 --- [MySuguClientApp-test] [           main] o.s.m.s.b.SimpleBrokerMessageHandler     : BrokerAvailabilityEvent[available=false, SimpleBrokerMessageHandler [org.springframework.messaging.simp.broker.DefaultSubscriptionRegistry@231687c6]]
2026-07-12T18:57:35.535+01:00  INFO 66028 --- [MySuguClientApp-test] [           main] o.s.m.s.b.SimpleBrokerMessageHandler     : Stopped.
2026-07-12T18:57:35.536+01:00  INFO 66028 --- [MySuguClientApp-test] [           main] o.s.m.s.b.SimpleBrokerMessageHandler     : Starting...
2026-07-12T18:57:35.536+01:00  INFO 66028 --- [MySuguClientApp-test] [           main] o.s.m.s.b.SimpleBrokerMessageHandler     : BrokerAvailabilityEvent[available=true, SimpleBrokerMessageHandler [org.springframework.messaging.simp.broker.DefaultSubscriptionRegistry@142e8c2b]]
2026-07-12T18:57:35.536+01:00  INFO 66028 --- [MySuguClientApp-test] [           main] o.s.m.s.b.SimpleBrokerMessageHandler     : Started.
2026-07-12T18:57:35.713+01:00  INFO 66028 --- [MySuguClientApp-test] [o-auto-3-exec-1] m.m.s.i.RestaurantServiceImpl            : Statut du restaurant Boutique changé à: false
2026-07-12T18:57:35.764+01:00  INFO 66028 --- [MySuguClientApp-test] [-auto-3-exec-10] m.m.s.i.RestaurantServiceImpl            : Statut du restaurant Boutique changé à: true
2026-07-12T18:57:35.971+01:00  INFO 66028 --- [MySuguClientApp-test] [-auto-3-exec-12] m.m.s.i.RestaurantServiceImpl            : Statut du restaurant Boutique changé à: false
2026-07-12T18:57:36.053+01:00  INFO 66028 --- [MySuguClientApp-test] [           main] t.c.s.AnnotationConfigContextLoaderUtils : Could not detect default configuration classes for test class [ma.mysuguclientapp.legacy.seller.VacationAddTest]: VacationAddTest does not declare any static, non-private, non-final, nested classes annotated with @Configuration.
2026-07-12T18:57:36.060+01:00  INFO 66028 --- [MySuguClientApp-test] [           main] .b.t.c.SpringBootTestContextBootstrapper : Found @SpringBootConfiguration ma.mysuguclientapp.MySuguClientAppApplication for test class ma.mysuguclientapp.legacy.seller.VacationAddTest
2026-07-12T18:57:36.062+01:00  INFO 66028 --- [MySuguClientApp-test] [           main] o.s.m.s.b.SimpleBrokerMessageHandler     : Stopping...
2026-07-12T18:57:36.062+01:00  INFO 66028 --- [MySuguClientApp-test] [           main] o.s.m.s.b.SimpleBrokerMessageHandler     : BrokerAvailabilityEvent[available=false, SimpleBrokerMessageHandler [org.springframework.messaging.simp.broker.DefaultSubscriptionRegistry@142e8c2b]]
2026-07-12T18:57:36.062+01:00  INFO 66028 --- [MySuguClientApp-test] [           main] o.s.m.s.b.SimpleBrokerMessageHandler     : Stopped.
2026-07-12T18:57:36.063+01:00  INFO 66028 --- [MySuguClientApp-test] [           main] o.s.m.s.b.SimpleBrokerMessageHandler     : Starting...
2026-07-12T18:57:36.063+01:00  INFO 66028 --- [MySuguClientApp-test] [           main] o.s.m.s.b.SimpleBrokerMessageHandler     : BrokerAvailabilityEvent[available=true, SimpleBrokerMessageHandler [org.springframework.messaging.simp.broker.DefaultSubscriptionRegistry@231687c6]]
2026-07-12T18:57:36.063+01:00  INFO 66028 --- [MySuguClientApp-test] [           main] o.s.m.s.b.SimpleBrokerMessageHandler     : Started.
2026-07-12T18:57:36.275+01:00  INFO 66028 --- [MySuguClientApp-test] [o-auto-2-exec-7] m.m.s.i.RestaurantServiceImpl            : Restaurant mis à jour: Boutique
2026-07-12T18:57:36.291+01:00  INFO 66028 --- [MySuguClientApp-test] [o-auto-2-exec-7] m.m.s.i.RestaurantServiceImpl            : Statut du restaurant Boutique changé à: false
2026-07-12T18:57:36.375+01:00  INFO 66028 --- [MySuguClientApp-test] [           main] t.c.s.AnnotationConfigContextLoaderUtils : Could not detect default configuration classes for test class [ma.mysuguclientapp.MySuguClientAppApplicationTests]: MySuguClientAppApplicationTests does not declare any static, non-private, non-final, nested classes annotated with @Configuration.
2026-07-12T18:57:36.382+01:00  INFO 66028 --- [MySuguClientApp-test] [           main] .b.t.c.SpringBootTestContextBootstrapper : Found @SpringBootConfiguration ma.mysuguclientapp.MySuguClientAppApplication for test class ma.mysuguclientapp.MySuguClientAppApplicationTests
2026-07-12T18:57:36.384+01:00  INFO 66028 --- [MySuguClientApp-test] [           main] o.s.m.s.b.SimpleBrokerMessageHandler     : Stopping...
2026-07-12T18:57:36.384+01:00  INFO 66028 --- [MySuguClientApp-test] [           main] o.s.m.s.b.SimpleBrokerMessageHandler     : BrokerAvailabilityEvent[available=false, SimpleBrokerMessageHandler [org.springframework.messaging.simp.broker.DefaultSubscriptionRegistry@231687c6]]
2026-07-12T18:57:36.384+01:00  INFO 66028 --- [MySuguClientApp-test] [           main] o.s.m.s.b.SimpleBrokerMessageHandler     : Stopped.
2026-07-12T18:57:36.386+01:00  INFO 66028 --- [MySuguClientApp-test] [           main] o.s.m.s.b.SimpleBrokerMessageHandler     : Starting...
2026-07-12T18:57:36.386+01:00  INFO 66028 --- [MySuguClientApp-test] [           main] o.s.m.s.b.SimpleBrokerMessageHandler     : BrokerAvailabilityEvent[available=true, SimpleBrokerMessageHandler [org.springframework.messaging.simp.broker.DefaultSubscriptionRegistry@5134b8df]]
2026-07-12T18:57:36.386+01:00  INFO 66028 --- [MySuguClientApp-test] [           main] o.s.m.s.b.SimpleBrokerMessageHandler     : Started.
2026-07-12T18:57:36.405+01:00  INFO 66028 --- [MySuguClientApp-test] [           main] t.c.s.AnnotationConfigContextLoaderUtils : Could not detect default configuration classes for test class [ma.mysuguclientapp.OwnerProvisioningServiceTest]: OwnerProvisioningServiceTest does not declare any static, non-private, non-final, nested classes annotated with @Configuration.
2026-07-12T18:57:36.411+01:00  INFO 66028 --- [MySuguClientApp-test] [           main] .b.t.c.SpringBootTestContextBootstrapper : Found @SpringBootConfiguration ma.mysuguclientapp.MySuguClientAppApplication for test class ma.mysuguclientapp.OwnerProvisioningServiceTest
2026-07-12T18:57:36.414+01:00  INFO 66028 --- [MySuguClientApp-test] [           main] o.s.m.s.b.SimpleBrokerMessageHandler     : Stopping...
2026-07-12T18:57:36.414+01:00  INFO 66028 --- [MySuguClientApp-test] [           main] o.s.m.s.b.SimpleBrokerMessageHandler     : BrokerAvailabilityEvent[available=false, SimpleBrokerMessageHandler [org.springframework.messaging.simp.broker.DefaultSubscriptionRegistry@5134b8df]]
2026-07-12T18:57:36.414+01:00  INFO 66028 --- [MySuguClientApp-test] [           main] o.s.m.s.b.SimpleBrokerMessageHandler     : Stopped.

  .   ____          _            __ _ _
 /\\ / ___'_ __ _ _(_)_ __  __ _ \ \ \ \
( ( )\___ | '_ | '_| | '_ \/ _` | \ \ \ \
 \\/  ___)| |_)| | | | | || (_| |  ) ) ) )
  '  |____| .__|_| |_|_| |_\__, | / / / /
 =========|_|==============|___/=/_/_/_/

 :: Spring Boot ::                (v4.0.2)

2026-07-12T18:57:36.579+01:00  INFO 66028 --- [MySuguClientApp-test] [           main] m.m.OwnerProvisioningServiceTest         : Starting OwnerProvisioningServiceTest using Java 21.0.11 with PID 66028 (started by issiaka in /mnt/c/Users/Issiaka traoré/Desktop/systalink/mysugu/mysugu-app-api-dev)
2026-07-12T18:57:36.581+01:00  INFO 66028 --- [MySuguClientApp-test] [           main] m.m.OwnerProvisioningServiceTest         : No active profile set, falling back to 1 default profile: "default"
2026-07-12T18:57:44.496+01:00  INFO 66028 --- [MySuguClientApp-test] [           main] .s.d.r.c.RepositoryConfigurationDelegate : Bootstrapping Spring Data JPA repositories in DEFAULT mode.
2026-07-12T18:57:46.099+01:00  INFO 66028 --- [MySuguClientApp-test] [           main] .s.d.r.c.RepositoryConfigurationDelegate : Finished Spring Data repository scanning in 1600 ms. Found 47 JPA repository interfaces.
2026-07-12T18:57:47.117+01:00  INFO 66028 --- [MySuguClientApp-test] [           main] org.hibernate.orm.jpa                    : HHH008540: Processing PersistenceUnitInfo [name: default]
2026-07-12T18:57:47.578+01:00  INFO 66028 --- [MySuguClientApp-test] [           main] o.s.o.j.p.SpringPersistenceUnitInfo      : No LoadTimeWeaver setup: ignoring JPA class transformer
2026-07-12T18:57:47.592+01:00  INFO 66028 --- [MySuguClientApp-test] [           main] com.zaxxer.hikari.HikariDataSource       : HikariPool-5 - Starting...
2026-07-12T18:57:47.602+01:00  INFO 66028 --- [MySuguClientApp-test] [           main] com.zaxxer.hikari.pool.HikariPool        : HikariPool-5 - Added connection org.postgresql.jdbc.PgConnection@7557c2bd
2026-07-12T18:57:47.602+01:00  INFO 66028 --- [MySuguClientApp-test] [           main] com.zaxxer.hikari.HikariDataSource       : HikariPool-5 - Start completed.
2026-07-12T18:57:47.606+01:00  WARN 66028 --- [MySuguClientApp-test] [           main] org.hibernate.orm.deprecation            : HHH90000025: PostgreSQLDialect does not need to be specified explicitly using 'hibernate.dialect' (remove the property setting and it will be selected by default)
2026-07-12T18:57:47.610+01:00  INFO 66028 --- [MySuguClientApp-test] [           main] org.hibernate.orm.connections.pooling    : HHH10001005: Database info:
	Database JDBC URL [jdbc:postgresql://127.0.0.1:5433/mysugu_test]
	Database driver: PostgreSQL JDBC Driver
	Database dialect: PostgreSQLDialect
	Database version: 16.13
	Default catalog/schema: mysugu_test/public
	Autocommit mode: undefined/unknown
	Isolation level: READ_COMMITTED [default READ_COMMITTED]
	JDBC fetch size: none
	Pool: DataSourceConnectionProvider
	Minimum pool size: undefined/unknown
	Maximum pool size: undefined/unknown
2026-07-12T18:57:49.457+01:00  INFO 66028 --- [MySuguClientApp-test] [           main] org.hibernate.orm.core                   : HHH000489: No JTA platform available (set 'hibernate.transaction.jta.platform' to enable JTA platform integration)
2026-07-12T18:57:49.526+01:00  INFO 66028 --- [MySuguClientApp-test] [           main] j.LocalContainerEntityManagerFactoryBean : Initialized JPA EntityManagerFactory for persistence unit 'default'
2026-07-12T18:57:49.557+01:00  INFO 66028 --- [MySuguClientApp-test] [           main] m.mysuguclientapp.config.FirebaseConfig  : Firebase FCM désactivé (firebase.enabled=false).
2026-07-12T18:57:49.559+01:00  INFO 66028 --- [MySuguClientApp-test] [           main] m.m.config.MinioInitializer              : Initialisation des buckets MinIO...
2026-07-12T18:57:49.561+01:00 ERROR 66028 --- [MySuguClientApp-test] [           main] m.m.s.implementations.MinioService       : Erreur lors de l'initialisation du bucket MinIO

java.net.ConnectException: Failed to connect to /127.0.0.1:9999
	at okhttp3.internal.connection.RealConnection.connectSocket(RealConnection.kt:297) ~[okhttp-4.12.0.jar:na]
	at okhttp3.internal.connection.RealConnection.connect(RealConnection.kt:207) ~[okhttp-4.12.0.jar:na]
	at okhttp3.internal.connection.ExchangeFinder.findConnection(ExchangeFinder.kt:226) ~[okhttp-4.12.0.jar:na]
	at okhttp3.internal.connection.ExchangeFinder.findHealthyConnection(ExchangeFinder.kt:106) ~[okhttp-4.12.0.jar:na]
	at okhttp3.internal.connection.ExchangeFinder.find(ExchangeFinder.kt:74) ~[okhttp-4.12.0.jar:na]
	at okhttp3.internal.connection.RealCall.initExchange$okhttp(RealCall.kt:255) ~[okhttp-4.12.0.jar:na]
	at okhttp3.internal.connection.ConnectInterceptor.intercept(ConnectInterceptor.kt:32) ~[okhttp-4.12.0.jar:na]
	at okhttp3.internal.http.RealInterceptorChain.proceed(RealInterceptorChain.kt:109) ~[okhttp-4.12.0.jar:na]
	at okhttp3.internal.cache.CacheInterceptor.intercept(CacheInterceptor.kt:95) ~[okhttp-4.12.0.jar:na]
	at okhttp3.internal.http.RealInterceptorChain.proceed(RealInterceptorChain.kt:109) ~[okhttp-4.12.0.jar:na]
	at okhttp3.internal.http.BridgeInterceptor.intercept(BridgeInterceptor.kt:83) ~[okhttp-4.12.0.jar:na]
	at okhttp3.internal.http.RealInterceptorChain.proceed(RealInterceptorChain.kt:109) ~[okhttp-4.12.0.jar:na]
	at okhttp3.internal.http.RetryAndFollowUpInterceptor.intercept(RetryAndFollowUpInterceptor.kt:76) ~[okhttp-4.12.0.jar:na]
	at okhttp3.internal.http.RealInterceptorChain.proceed(RealInterceptorChain.kt:109) ~[okhttp-4.12.0.jar:na]
	at okhttp3.internal.connection.RealCall.getResponseWithInterceptorChain$okhttp(RealCall.kt:201) ~[okhttp-4.12.0.jar:na]
	at okhttp3.internal.connection.RealCall$AsyncCall.run(RealCall.kt:517) ~[okhttp-4.12.0.jar:na]
	at java.base/java.util.concurrent.ThreadPoolExecutor.runWorker(ThreadPoolExecutor.java:1144) ~[na:na]
	at java.base/java.util.concurrent.ThreadPoolExecutor$Worker.run(ThreadPoolExecutor.java:642) ~[na:na]
	at java.base/java.lang.Thread.run(Thread.java:1583) ~[na:na]
Caused by: java.net.ConnectException: Connection refused
	at java.base/sun.nio.ch.Net.pollConnect(Native Method) ~[na:na]
	at java.base/sun.nio.ch.Net.pollConnectNow(Net.java:694) ~[na:na]
	at java.base/sun.nio.ch.NioSocketImpl.timedFinishConnect(NioSocketImpl.java:542) ~[na:na]
	at java.base/sun.nio.ch.NioSocketImpl.connect(NioSocketImpl.java:592) ~[na:na]
	at java.base/java.net.SocksSocketImpl.connect(SocksSocketImpl.java:327) ~[na:na]
	at java.base/java.net.Socket.connect(Socket.java:751) ~[na:na]
	at okhttp3.internal.platform.Platform.connectSocket(Platform.kt:128) ~[okhttp-4.12.0.jar:na]
	at okhttp3.internal.connection.RealConnection.connectSocket(RealConnection.kt:295) ~[okhttp-4.12.0.jar:na]
	... 18 common frames omitted

2026-07-12T18:57:49.562+01:00  INFO 66028 --- [MySuguClientApp-test] [           main] m.m.config.MinioInitializer              : Buckets MinIO initialisés avec succès
2026-07-12T18:57:49.575+01:00  INFO 66028 --- [MySuguClientApp-test] [           main] ma.mysuguclientapp.config.StripeConfig   : Stripe désactivé ou clé API non configurée — paiements par carte ignorés
2026-07-12T18:57:50.883+01:00  WARN 66028 --- [MySuguClientApp-test] [           main] JpaBaseConfiguration$JpaWebConfiguration : spring.jpa.open-in-view is enabled by default. Therefore, database queries may be performed during view rendering. Explicitly configure spring.jpa.open-in-view to disable this warning
2026-07-12T18:57:50.936+01:00  INFO 66028 --- [MySuguClientApp-test] [           main] eAuthenticationProviderManagerConfigurer : Global AuthenticationManager configured with AuthenticationProvider bean with name authenticationProvider
2026-07-12T18:57:50.937+01:00  WARN 66028 --- [MySuguClientApp-test] [           main] r$InitializeUserDetailsManagerConfigurer : Global AuthenticationManager configured with an AuthenticationProvider bean. UserDetailsService beans will not be used by Spring Security for automatically configuring username/password login. Consider removing the AuthenticationProvider bean. Alternatively, consider using the UserDetailsService in a manually instantiated DaoAuthenticationProvider. If the current configuration is intentional, to turn off this warning, increase the logging level of 'org.springframework.security.config.annotation.authentication.configuration.InitializeUserDetailsBeanManagerConfigurer' to ERROR
2026-07-12T18:57:51.247+01:00  INFO 66028 --- [MySuguClientApp-test] [           main] o.s.b.a.e.web.EndpointLinksResolver      : Exposing 1 endpoint beneath base path '/actuator'
2026-07-12T18:57:51.263+01:00  INFO 66028 --- [MySuguClientApp-test] [           main] o.s.m.s.b.SimpleBrokerMessageHandler     : Starting...
2026-07-12T18:57:51.263+01:00  INFO 66028 --- [MySuguClientApp-test] [           main] o.s.m.s.b.SimpleBrokerMessageHandler     : BrokerAvailabilityEvent[available=true, SimpleBrokerMessageHandler [org.springframework.messaging.simp.broker.DefaultSubscriptionRegistry@29ae41ee]]
2026-07-12T18:57:51.263+01:00  INFO 66028 --- [MySuguClientApp-test] [           main] o.s.m.s.b.SimpleBrokerMessageHandler     : Started.
2026-07-12T18:57:51.267+01:00  INFO 66028 --- [MySuguClientApp-test] [           main] m.m.OwnerProvisioningServiceTest         : Started OwnerProvisioningServiceTest in 14.849 seconds (process running for 215.276)
2026-07-12T18:57:51.382+01:00  INFO 66028 --- [MySuguClientApp-test] [           main] m.m.s.i.OwnerProvisioningServiceImpl     : Invitation restaurateur envoyée à owner-new-215011879568456@test.mysugu
2026-07-12T18:57:51.450+01:00  INFO 66028 --- [MySuguClientApp-test] [           main] t.c.s.AnnotationConfigContextLoaderUtils : Could not detect default configuration classes for test class [ma.mysuguclientapp.PromotionServiceTest]: PromotionServiceTest does not declare any static, non-private, non-final, nested classes annotated with @Configuration.
2026-07-12T18:57:51.455+01:00  INFO 66028 --- [MySuguClientApp-test] [           main] .b.t.c.SpringBootTestContextBootstrapper : Found @SpringBootConfiguration ma.mysuguclientapp.MySuguClientAppApplication for test class ma.mysuguclientapp.PromotionServiceTest
2026-07-12T18:57:51.457+01:00  INFO 66028 --- [MySuguClientApp-test] [           main] o.s.m.s.b.SimpleBrokerMessageHandler     : Stopping...
2026-07-12T18:57:51.457+01:00  INFO 66028 --- [MySuguClientApp-test] [           main] o.s.m.s.b.SimpleBrokerMessageHandler     : BrokerAvailabilityEvent[available=false, SimpleBrokerMessageHandler [org.springframework.messaging.simp.broker.DefaultSubscriptionRegistry@29ae41ee]]
2026-07-12T18:57:51.457+01:00  INFO 66028 --- [MySuguClientApp-test] [           main] o.s.m.s.b.SimpleBrokerMessageHandler     : Stopped.
2026-07-12T18:57:51.458+01:00  INFO 66028 --- [MySuguClientApp-test] [           main] o.s.m.s.b.SimpleBrokerMessageHandler     : Starting...
2026-07-12T18:57:51.458+01:00  INFO 66028 --- [MySuguClientApp-test] [           main] o.s.m.s.b.SimpleBrokerMessageHandler     : BrokerAvailabilityEvent[available=true, SimpleBrokerMessageHandler [org.springframework.messaging.simp.broker.DefaultSubscriptionRegistry@5134b8df]]
2026-07-12T18:57:51.458+01:00  INFO 66028 --- [MySuguClientApp-test] [           main] o.s.m.s.b.SimpleBrokerMessageHandler     : Started.
[TEST 1 OK] Promo flash créée sans restaurant, id=1
[TEST 2 OK] Promo liée au restaurant, FK promotion_id=2 bien persistée sur le restaurant id=126
[TEST 3 OK] getPromotionsFlash() retourne 1 promo(s) flash
[TEST 4 OK] getPromotionsRestaurant(126) retourne 1 promo(s)
[TEST 5 OK] activerDesactiver() fonctionne correctement
2026-07-12T18:57:51.648+01:00  INFO 66028 --- [MySuguClientApp-test] [           main] t.c.s.AnnotationConfigContextLoaderUtils : Could not detect default configuration classes for test class [ma.mysuguclientapp.PushNotificationTest]: PushNotificationTest does not declare any static, non-private, non-final, nested classes annotated with @Configuration.
2026-07-12T18:57:51.656+01:00  INFO 66028 --- [MySuguClientApp-test] [           main] .b.t.c.SpringBootTestContextBootstrapper : Found @SpringBootConfiguration ma.mysuguclientapp.MySuguClientAppApplication for test class ma.mysuguclientapp.PushNotificationTest
2026-07-12T18:57:51.658+01:00  INFO 66028 --- [MySuguClientApp-test] [           main] o.s.m.s.b.SimpleBrokerMessageHandler     : Stopping...
2026-07-12T18:57:51.659+01:00  INFO 66028 --- [MySuguClientApp-test] [           main] o.s.m.s.b.SimpleBrokerMessageHandler     : BrokerAvailabilityEvent[available=false, SimpleBrokerMessageHandler [org.springframework.messaging.simp.broker.DefaultSubscriptionRegistry@5134b8df]]
2026-07-12T18:57:51.659+01:00  INFO 66028 --- [MySuguClientApp-test] [           main] o.s.m.s.b.SimpleBrokerMessageHandler     : Stopped.

  .   ____          _            __ _ _
 /\\ / ___'_ __ _ _(_)_ __  __ _ \ \ \ \
( ( )\___ | '_ | '_| | '_ \/ _` | \ \ \ \
 \\/  ___)| |_)| | | | | || (_| |  ) ) ) )
  '  |____| .__|_| |_|_| |_\__, | / / / /
 =========|_|==============|___/=/_/_/_/

 :: Spring Boot ::                (v4.0.2)

2026-07-12T18:57:51.760+01:00  INFO 66028 --- [MySuguClientApp-test] [           main] m.mysuguclientapp.PushNotificationTest   : Starting PushNotificationTest using Java 21.0.11 with PID 66028 (started by issiaka in /mnt/c/Users/Issiaka traoré/Desktop/systalink/mysugu/mysugu-app-api-dev)
2026-07-12T18:57:51.760+01:00  INFO 66028 --- [MySuguClientApp-test] [           main] m.mysuguclientapp.PushNotificationTest   : No active profile set, falling back to 1 default profile: "default"
2026-07-12T18:57:59.411+01:00  INFO 66028 --- [MySuguClientApp-test] [           main] .s.d.r.c.RepositoryConfigurationDelegate : Bootstrapping Spring Data JPA repositories in DEFAULT mode.
2026-07-12T18:58:01.128+01:00  INFO 66028 --- [MySuguClientApp-test] [           main] .s.d.r.c.RepositoryConfigurationDelegate : Finished Spring Data repository scanning in 1715 ms. Found 47 JPA repository interfaces.
2026-07-12T18:58:01.943+01:00  INFO 66028 --- [MySuguClientApp-test] [           main] org.hibernate.orm.jpa                    : HHH008540: Processing PersistenceUnitInfo [name: default]
2026-07-12T18:58:02.377+01:00  INFO 66028 --- [MySuguClientApp-test] [           main] o.s.o.j.p.SpringPersistenceUnitInfo      : No LoadTimeWeaver setup: ignoring JPA class transformer
2026-07-12T18:58:02.384+01:00  INFO 66028 --- [MySuguClientApp-test] [           main] com.zaxxer.hikari.HikariDataSource       : HikariPool-6 - Starting...
2026-07-12T18:58:02.394+01:00  INFO 66028 --- [MySuguClientApp-test] [           main] com.zaxxer.hikari.pool.HikariPool        : HikariPool-6 - Added connection org.postgresql.jdbc.PgConnection@907eece
2026-07-12T18:58:02.394+01:00  INFO 66028 --- [MySuguClientApp-test] [           main] com.zaxxer.hikari.HikariDataSource       : HikariPool-6 - Start completed.
2026-07-12T18:58:02.396+01:00  WARN 66028 --- [MySuguClientApp-test] [           main] org.hibernate.orm.deprecation            : HHH90000025: PostgreSQLDialect does not need to be specified explicitly using 'hibernate.dialect' (remove the property setting and it will be selected by default)
2026-07-12T18:58:02.401+01:00  INFO 66028 --- [MySuguClientApp-test] [           main] org.hibernate.orm.connections.pooling    : HHH10001005: Database info:
	Database JDBC URL [jdbc:postgresql://127.0.0.1:5433/mysugu_test]
	Database driver: PostgreSQL JDBC Driver
	Database dialect: PostgreSQLDialect
	Database version: 16.13
	Default catalog/schema: mysugu_test/public
	Autocommit mode: undefined/unknown
	Isolation level: READ_COMMITTED [default READ_COMMITTED]
	JDBC fetch size: none
	Pool: DataSourceConnectionProvider
	Minimum pool size: undefined/unknown
	Maximum pool size: undefined/unknown
2026-07-12T18:58:04.307+01:00  INFO 66028 --- [MySuguClientApp-test] [           main] org.hibernate.orm.core                   : HHH000489: No JTA platform available (set 'hibernate.transaction.jta.platform' to enable JTA platform integration)
2026-07-12T18:58:04.374+01:00  INFO 66028 --- [MySuguClientApp-test] [           main] j.LocalContainerEntityManagerFactoryBean : Initialized JPA EntityManagerFactory for persistence unit 'default'
2026-07-12T18:58:04.403+01:00  WARN 66028 --- [MySuguClientApp-test] [           main] m.mysuguclientapp.config.FirebaseConfig  : Fichier service account non trouvé à : firebase-service-account.json. Tentative de fallback local.
2026-07-12T18:58:04.403+01:00  WARN 66028 --- [MySuguClientApp-test] [           main] m.mysuguclientapp.config.FirebaseConfig  : Aucun fichier service-account Firebase trouvé. Notifications push désactivées.
2026-07-12T18:58:04.406+01:00  INFO 66028 --- [MySuguClientApp-test] [           main] m.m.config.MinioInitializer              : Initialisation des buckets MinIO...
2026-07-12T18:58:04.408+01:00 ERROR 66028 --- [MySuguClientApp-test] [           main] m.m.s.implementations.MinioService       : Erreur lors de l'initialisation du bucket MinIO

java.net.ConnectException: Failed to connect to /127.0.0.1:9999
	at okhttp3.internal.connection.RealConnection.connectSocket(RealConnection.kt:297) ~[okhttp-4.12.0.jar:na]
	at okhttp3.internal.connection.RealConnection.connect(RealConnection.kt:207) ~[okhttp-4.12.0.jar:na]
	at okhttp3.internal.connection.ExchangeFinder.findConnection(ExchangeFinder.kt:226) ~[okhttp-4.12.0.jar:na]
	at okhttp3.internal.connection.ExchangeFinder.findHealthyConnection(ExchangeFinder.kt:106) ~[okhttp-4.12.0.jar:na]
	at okhttp3.internal.connection.ExchangeFinder.find(ExchangeFinder.kt:74) ~[okhttp-4.12.0.jar:na]
	at okhttp3.internal.connection.RealCall.initExchange$okhttp(RealCall.kt:255) ~[okhttp-4.12.0.jar:na]
	at okhttp3.internal.connection.ConnectInterceptor.intercept(ConnectInterceptor.kt:32) ~[okhttp-4.12.0.jar:na]
	at okhttp3.internal.http.RealInterceptorChain.proceed(RealInterceptorChain.kt:109) ~[okhttp-4.12.0.jar:na]
	at okhttp3.internal.cache.CacheInterceptor.intercept(CacheInterceptor.kt:95) ~[okhttp-4.12.0.jar:na]
	at okhttp3.internal.http.RealInterceptorChain.proceed(RealInterceptorChain.kt:109) ~[okhttp-4.12.0.jar:na]
	at okhttp3.internal.http.BridgeInterceptor.intercept(BridgeInterceptor.kt:83) ~[okhttp-4.12.0.jar:na]
	at okhttp3.internal.http.RealInterceptorChain.proceed(RealInterceptorChain.kt:109) ~[okhttp-4.12.0.jar:na]
	at okhttp3.internal.http.RetryAndFollowUpInterceptor.intercept(RetryAndFollowUpInterceptor.kt:76) ~[okhttp-4.12.0.jar:na]
	at okhttp3.internal.http.RealInterceptorChain.proceed(RealInterceptorChain.kt:109) ~[okhttp-4.12.0.jar:na]
	at okhttp3.internal.connection.RealCall.getResponseWithInterceptorChain$okhttp(RealCall.kt:201) ~[okhttp-4.12.0.jar:na]
	at okhttp3.internal.connection.RealCall$AsyncCall.run(RealCall.kt:517) ~[okhttp-4.12.0.jar:na]
	at java.base/java.util.concurrent.ThreadPoolExecutor.runWorker(ThreadPoolExecutor.java:1144) ~[na:na]
	at java.base/java.util.concurrent.ThreadPoolExecutor$Worker.run(ThreadPoolExecutor.java:642) ~[na:na]
	at java.base/java.lang.Thread.run(Thread.java:1583) ~[na:na]
Caused by: java.net.ConnectException: Connection refused
	at java.base/sun.nio.ch.Net.pollConnect(Native Method) ~[na:na]
	at java.base/sun.nio.ch.Net.pollConnectNow(Net.java:694) ~[na:na]
	at java.base/sun.nio.ch.NioSocketImpl.timedFinishConnect(NioSocketImpl.java:542) ~[na:na]
	at java.base/sun.nio.ch.NioSocketImpl.connect(NioSocketImpl.java:592) ~[na:na]
	at java.base/java.net.SocksSocketImpl.connect(SocksSocketImpl.java:327) ~[na:na]
	at java.base/java.net.Socket.connect(Socket.java:751) ~[na:na]
	at okhttp3.internal.platform.Platform.connectSocket(Platform.kt:128) ~[okhttp-4.12.0.jar:na]
	at okhttp3.internal.connection.RealConnection.connectSocket(RealConnection.kt:295) ~[okhttp-4.12.0.jar:na]
	... 18 common frames omitted

2026-07-12T18:58:04.408+01:00  INFO 66028 --- [MySuguClientApp-test] [           main] m.m.config.MinioInitializer              : Buckets MinIO initialisés avec succès
2026-07-12T18:58:04.419+01:00  INFO 66028 --- [MySuguClientApp-test] [           main] ma.mysuguclientapp.config.StripeConfig   : Stripe désactivé ou clé API non configurée — paiements par carte ignorés
2026-07-12T18:58:05.698+01:00  WARN 66028 --- [MySuguClientApp-test] [           main] JpaBaseConfiguration$JpaWebConfiguration : spring.jpa.open-in-view is enabled by default. Therefore, database queries may be performed during view rendering. Explicitly configure spring.jpa.open-in-view to disable this warning
2026-07-12T18:58:05.796+01:00  INFO 66028 --- [MySuguClientApp-test] [           main] eAuthenticationProviderManagerConfigurer : Global AuthenticationManager configured with AuthenticationProvider bean with name authenticationProvider
2026-07-12T18:58:05.796+01:00  WARN 66028 --- [MySuguClientApp-test] [           main] r$InitializeUserDetailsManagerConfigurer : Global AuthenticationManager configured with an AuthenticationProvider bean. UserDetailsService beans will not be used by Spring Security for automatically configuring username/password login. Consider removing the AuthenticationProvider bean. Alternatively, consider using the UserDetailsService in a manually instantiated DaoAuthenticationProvider. If the current configuration is intentional, to turn off this warning, increase the logging level of 'org.springframework.security.config.annotation.authentication.configuration.InitializeUserDetailsBeanManagerConfigurer' to ERROR
2026-07-12T18:58:06.053+01:00  INFO 66028 --- [MySuguClientApp-test] [           main] o.s.b.a.e.web.EndpointLinksResolver      : Exposing 1 endpoint beneath base path '/actuator'
2026-07-12T18:58:06.075+01:00  INFO 66028 --- [MySuguClientApp-test] [           main] o.s.m.s.b.SimpleBrokerMessageHandler     : Starting...
2026-07-12T18:58:06.075+01:00  INFO 66028 --- [MySuguClientApp-test] [           main] o.s.m.s.b.SimpleBrokerMessageHandler     : BrokerAvailabilityEvent[available=true, SimpleBrokerMessageHandler [org.springframework.messaging.simp.broker.DefaultSubscriptionRegistry@488a426c]]
2026-07-12T18:58:06.075+01:00  INFO 66028 --- [MySuguClientApp-test] [           main] o.s.m.s.b.SimpleBrokerMessageHandler     : Started.
2026-07-12T18:58:06.080+01:00  INFO 66028 --- [MySuguClientApp-test] [           main] m.mysuguclientapp.PushNotificationTest   : Started PushNotificationTest in 14.418 seconds (process running for 230.089)
2026-07-12T18:58:06.470+01:00  INFO 66028 --- [MySuguClientApp-test] [           main] m.m.s.i.DeviceTokenServiceImpl           : Nouveau token FCM enregistré pour l'utilisateur 220 (platform: ANDROID)
2026-07-12T18:58:06.480+01:00  INFO 66028 --- [MySuguClientApp-test] [           main] m.m.s.i.DeviceTokenServiceImpl           : Nouveau token FCM enregistré pour l'utilisateur 221 (platform: ANDROID)
2026-07-12T18:58:06.490+01:00  INFO 66028 --- [MySuguClientApp-test] [           main] m.m.s.i.DeviceTokenServiceImpl           : Nouveau token FCM enregistré pour l'utilisateur 223 (platform: ANDROID)
2026-07-12T18:58:06.498+01:00  INFO 66028 --- [MySuguClientApp-test] [           main] m.m.s.i.DeviceTokenServiceImpl           : Nouveau token FCM enregistré pour l'utilisateur 224 (platform: ANDROID)
2026-07-12T18:58:06.508+01:00  INFO 66028 --- [MySuguClientApp-test] [           main] m.m.s.i.DeviceTokenServiceImpl           : Nouveau token FCM enregistré pour l'utilisateur 222 (platform: ANDROID)
2026-07-12T18:58:06.571+01:00  INFO 66028 --- [MySuguClientApp-test] [           main] m.m.s.i.CommandeServiceImpl              : Commande creee: CMD-20260712185806-3280 pour un montant de 74.00 (remise: 0)
2026-07-12T18:58:06.597+01:00  INFO 66028 --- [MySuguClientApp-test] [           main] m.m.s.i.NotificationServiceImpl          : Notification 'COMMANDE_CONFIRMEE' envoyée à l'utilisateur 220
2026-07-12T18:58:06.603+01:00  INFO 66028 --- [MySuguClientApp-test] [           main] m.m.s.i.NotificationServiceImpl          : Notification 'COMMANDE_CONFIRMEE' envoyée à l'utilisateur 221
2026-07-12T18:58:06.603+01:00  WARN 66028 --- [MySuguClientApp-test] [           main] m.m.s.i.CommandeServiceImpl              : Aucun livreur disponible dans un rayon de 15.0km pour la commande CMD-20260712185806-3280
2026-07-12T18:58:06.613+01:00  INFO 66028 --- [MySuguClientApp-test] [           main] m.m.s.i.NotificationServiceImpl          : Notification 'COMMANDE_CONFIRMEE' envoyée à l'utilisateur 1
2026-07-12T18:58:06.629+01:00  INFO 66028 --- [MySuguClientApp-test] [           main] m.m.s.i.NotificationServiceImpl          : Notification 'COMMANDE_CONFIRMEE' envoyée à l'utilisateur 2
2026-07-12T18:58:06.631+01:00  INFO 66028 --- [MySuguClientApp-test] [           main] m.m.s.i.NotificationServiceImpl          : Notification 'COMMANDE_CONFIRMEE' envoyée à l'utilisateur 222
2026-07-12T18:58:06.631+01:00  INFO 66028 --- [MySuguClientApp-test] [           main] m.m.s.i.CommandeServiceImpl              : Statut de la commande CMD-20260712185806-3280 mis a jour: CONFIRMEE
2026-07-12T18:58:06.695+01:00  INFO 66028 --- [MySuguClientApp-test] [           main] m.m.s.i.CommandeServiceImpl              : Commande creee: CMD-20260712185806-3675 pour un montant de 74.00 (remise: 0)
2026-07-12T18:58:06.707+01:00  INFO 66028 --- [MySuguClientApp-test] [           main] m.m.s.i.NotificationServiceImpl          : Notification 'COMMANDE_CONFIRMEE' envoyée à l'utilisateur 220
2026-07-12T18:58:06.711+01:00  INFO 66028 --- [MySuguClientApp-test] [           main] m.m.s.i.NotificationServiceImpl          : Notification 'COMMANDE_CONFIRMEE' envoyée à l'utilisateur 221
2026-07-12T18:58:06.711+01:00  WARN 66028 --- [MySuguClientApp-test] [           main] m.m.s.i.CommandeServiceImpl              : Aucun livreur disponible dans un rayon de 15.0km pour la commande CMD-20260712185806-3675
2026-07-12T18:58:06.715+01:00  INFO 66028 --- [MySuguClientApp-test] [           main] m.m.s.i.NotificationServiceImpl          : Notification 'COMMANDE_CONFIRMEE' envoyée à l'utilisateur 1
2026-07-12T18:58:06.718+01:00  INFO 66028 --- [MySuguClientApp-test] [           main] m.m.s.i.NotificationServiceImpl          : Notification 'COMMANDE_CONFIRMEE' envoyée à l'utilisateur 223
2026-07-12T18:58:06.723+01:00  INFO 66028 --- [MySuguClientApp-test] [           main] m.m.s.i.NotificationServiceImpl          : Notification 'COMMANDE_CONFIRMEE' envoyée à l'utilisateur 2
2026-07-12T18:58:06.725+01:00  INFO 66028 --- [MySuguClientApp-test] [           main] m.m.s.i.NotificationServiceImpl          : Notification 'COMMANDE_CONFIRMEE' envoyée à l'utilisateur 222
2026-07-12T18:58:06.726+01:00  INFO 66028 --- [MySuguClientApp-test] [           main] m.m.s.i.CommandeServiceImpl              : Statut de la commande CMD-20260712185806-3675 mis a jour: CONFIRMEE
2026-07-12T18:58:06.828+01:00  INFO 66028 --- [MySuguClientApp-test] [           main] m.m.s.i.CommandeServiceImpl              : Statut de la commande CMD-20260712185806-3675 mis a jour: EN_PREPARATION
2026-07-12T18:58:06.843+01:00  INFO 66028 --- [MySuguClientApp-test] [           main] m.m.s.i.CommandeServiceImpl              : Statut de la commande CMD-20260712185806-3675 mis a jour: PRETE
2026-07-12T18:58:06.877+01:00  INFO 66028 --- [MySuguClientApp-test] [           main] m.m.s.i.CommandeServiceImpl              : Commande creee: CMD-20260712185806-4458 pour un montant de 74.00 (remise: 0)
2026-07-12T18:58:06.887+01:00  INFO 66028 --- [MySuguClientApp-test] [           main] m.m.s.i.NotificationServiceImpl          : Notification 'COMMANDE_CONFIRMEE' envoyée à l'utilisateur 220
2026-07-12T18:58:06.892+01:00  INFO 66028 --- [MySuguClientApp-test] [           main] m.m.s.i.NotificationServiceImpl          : Notification 'COMMANDE_CONFIRMEE' envoyée à l'utilisateur 221
2026-07-12T18:58:06.892+01:00  WARN 66028 --- [MySuguClientApp-test] [           main] m.m.s.i.CommandeServiceImpl              : Aucun livreur disponible dans un rayon de 15.0km pour la commande CMD-20260712185806-4458
2026-07-12T18:58:06.898+01:00  INFO 66028 --- [MySuguClientApp-test] [           main] m.m.s.i.NotificationServiceImpl          : Notification 'COMMANDE_CONFIRMEE' envoyée à l'utilisateur 1
2026-07-12T18:58:06.901+01:00  INFO 66028 --- [MySuguClientApp-test] [           main] m.m.s.i.NotificationServiceImpl          : Notification 'COMMANDE_CONFIRMEE' envoyée à l'utilisateur 223
2026-07-12T18:58:06.905+01:00  INFO 66028 --- [MySuguClientApp-test] [           main] m.m.s.i.NotificationServiceImpl          : Notification 'COMMANDE_CONFIRMEE' envoyée à l'utilisateur 2
2026-07-12T18:58:06.907+01:00  INFO 66028 --- [MySuguClientApp-test] [           main] m.m.s.i.NotificationServiceImpl          : Notification 'COMMANDE_CONFIRMEE' envoyée à l'utilisateur 222
2026-07-12T18:58:06.908+01:00  INFO 66028 --- [MySuguClientApp-test] [           main] m.m.s.i.CommandeServiceImpl              : Statut de la commande CMD-20260712185806-4458 mis a jour: CONFIRMEE
2026-07-12T18:58:06.941+01:00  INFO 66028 --- [MySuguClientApp-test] [           main] m.m.s.i.CommandeServiceImpl              : Commande creee: CMD-20260712185806-1800 pour un montant de 74.00 (remise: 0)
2026-07-12T18:58:06.951+01:00  INFO 66028 --- [MySuguClientApp-test] [           main] m.m.s.i.NotificationServiceImpl          : Notification 'COMMANDE_CONFIRMEE' envoyée à l'utilisateur 220
2026-07-12T18:58:06.954+01:00  INFO 66028 --- [MySuguClientApp-test] [           main] m.m.s.i.NotificationServiceImpl          : Notification 'COMMANDE_CONFIRMEE' envoyée à l'utilisateur 221
2026-07-12T18:58:06.954+01:00  WARN 66028 --- [MySuguClientApp-test] [           main] m.m.s.i.CommandeServiceImpl              : Aucun livreur disponible dans un rayon de 15.0km pour la commande CMD-20260712185806-1800
2026-07-12T18:58:06.958+01:00  INFO 66028 --- [MySuguClientApp-test] [           main] m.m.s.i.NotificationServiceImpl          : Notification 'COMMANDE_CONFIRMEE' envoyée à l'utilisateur 1
2026-07-12T18:58:06.961+01:00  INFO 66028 --- [MySuguClientApp-test] [           main] m.m.s.i.NotificationServiceImpl          : Notification 'COMMANDE_CONFIRMEE' envoyée à l'utilisateur 223
2026-07-12T18:58:06.964+01:00  INFO 66028 --- [MySuguClientApp-test] [           main] m.m.s.i.NotificationServiceImpl          : Notification 'COMMANDE_CONFIRMEE' envoyée à l'utilisateur 224
2026-07-12T18:58:06.971+01:00  INFO 66028 --- [MySuguClientApp-test] [           main] m.m.s.i.NotificationServiceImpl          : Notification 'COMMANDE_CONFIRMEE' envoyée à l'utilisateur 2
2026-07-12T18:58:06.975+01:00  INFO 66028 --- [MySuguClientApp-test] [           main] m.m.s.i.NotificationServiceImpl          : Notification 'COMMANDE_CONFIRMEE' envoyée à l'utilisateur 222
2026-07-12T18:58:06.975+01:00  INFO 66028 --- [MySuguClientApp-test] [           main] m.m.s.i.CommandeServiceImpl              : Statut de la commande CMD-20260712185806-1800 mis a jour: CONFIRMEE
2026-07-12T18:58:07.093+01:00  WARN 66028 --- [MySuguClientApp-test] [           main] org.hibernate.orm.jdbc.error             : HHH000247: ErrorCode: 0, SQLState: 23503
2026-07-12T18:58:07.093+01:00  WARN 66028 --- [MySuguClientApp-test] [           main] org.hibernate.orm.jdbc.error             : ERROR: update or delete on table "plats" violates foreign key constraint "fk5mibuthu8ele2q3xyve64er5q" on table "lignes_commande"
  Detail: Key (id)=(96) is still referenced from table "lignes_commande".
[ERROR] Tests run: 12, Failures: 4, Errors: 3, Skipped: 0, Time elapsed: 15.54 s <<< FAILURE! -- in ma.mysuguclientapp.PushNotificationTest
[ERROR] ma.mysuguclientapp.PushNotificationTest.confirmCommande_withLivreurDisponible_autoAssigns -- Time elapsed: 0.082 s <<< FAILURE!
java.lang.AssertionError: 

Expecting actual not to be null
	at ma.mysuguclientapp.PushNotificationTest.confirmCommande_withLivreurDisponible_autoAssigns(PushNotificationTest.java:196)

[ERROR] ma.mysuguclientapp.PushNotificationTest.autoAssign_livreurReceivesLivreurAssigneNotification -- Time elapsed: 0.031 s <<< FAILURE!
org.opentest4j.AssertionFailedError: 

Expecting value to be true but was false
	at ma.mysuguclientapp.PushNotificationTest.autoAssign_livreurReceivesLivreurAssigneNotification(PushNotificationTest.java:217)

[ERROR] ma.mysuguclientapp.PushNotificationTest.getAvailableLivreurs_filtersbyDisponibleAndRadius -- Time elapsed: 0.017 s <<< FAILURE!
java.lang.AssertionError: 

Expecting empty but was: [UserDTO(id=223, email=test.livreur.push@mysugu.test, nom=LivreurPush, prenom=Test, telephone=null, role=LIVREUR, avatar=null, localisation=LocalisationDTO(latitude=33.585, longitude=-7.605, adresse=Avenue Hassan II, ville=Casablanca, codePostal=null, pays=Maroc), isActive=true, livreurDisponible=true, createdAt=2026-07-12T18:58:06.369593)]
	at ma.mysuguclientapp.PushNotificationTest.getAvailableLivreurs_filtersbyDisponibleAndRadius(PushNotificationTest.java:240)

[ERROR] ma.mysuguclientapp.PushNotificationTest.deliveryCompleted_livreurBecomesAvailableAgain -- Time elapsed: 0.034 s <<< ERROR!
ma.mysuguclientapp.exceptions.BadRequestException: Transition de statut invalide: PRETE -> EN_COURS
	at ma.mysuguclientapp.services.implementations.CommandeServiceImpl.validateStatusTransition(CommandeServiceImpl.java:860)
	at ma.mysuguclientapp.services.implementations.CommandeServiceImpl.updateCommandeStatus(CommandeServiceImpl.java:354)
	at java.base/jdk.internal.reflect.DirectMethodHandleAccessor.invoke(DirectMethodHandleAccessor.java:103)
	at java.base/java.lang.reflect.Method.invoke(Method.java:580)
	at org.springframework.aop.support.AopUtils.invokeJoinpointUsingReflection(AopUtils.java:359)
	at org.springframework.aop.framework.ReflectiveMethodInvocation.invokeJoinpoint(ReflectiveMethodInvocation.java:190)
	at org.springframework.aop.framework.ReflectiveMethodInvocation.proceed(ReflectiveMethodInvocation.java:158)
	at org.springframework.transaction.interceptor.TransactionInterceptor$1.proceedWithInvocation(TransactionInterceptor.java:133)
	at org.springframework.transaction.interceptor.TransactionAspectSupport.invokeWithinTransaction(TransactionAspectSupport.java:371)
	at org.springframework.transaction.interceptor.TransactionInterceptor.invoke(TransactionInterceptor.java:130)
	at org.springframework.aop.framework.ReflectiveMethodInvocation.proceed(ReflectiveMethodInvocation.java:179)
	at org.springframework.aop.framework.CglibAopProxy$DynamicAdvisedInterceptor.intercept(CglibAopProxy.java:719)
	at ma.mysuguclientapp.services.implementations.CommandeServiceImpl$$SpringCGLIB$$0.updateCommandeStatus(<generated>)
	at ma.mysuguclientapp.PushNotificationTest.updateStatut(PushNotificationTest.java:412)
	at ma.mysuguclientapp.PushNotificationTest.deliveryCompleted_livreurBecomesAvailableAgain(PushNotificationTest.java:261)

[ERROR] ma.mysuguclientapp.PushNotificationTest.cancelCommande_livreurBecomesAvailableAgain -- Time elapsed: 0.061 s <<< FAILURE!
java.lang.AssertionError: 

Expecting actual not to be null
	at ma.mysuguclientapp.PushNotificationTest.cancelCommande_livreurBecomesAvailableAgain(PushNotificationTest.java:283)

[ERROR] ma.mysuguclientapp.PushNotificationTest.manualReassign_releasesOldLivreur -- Time elapsed: 0.071 s <<< ERROR!
java.lang.NullPointerException: Cannot invoke "ma.mysuguclientapp.entities.User.getId()" because the return value of "ma.mysuguclientapp.entities.Commande.getLivreur()" is null
	at ma.mysuguclientapp.PushNotificationTest.manualReassign_releasesOldLivreur(PushNotificationTest.java:315)

[ERROR] ma.mysuguclientapp.PushNotificationTest -- Time elapsed: 15.54 s <<< ERROR!
org.springframework.dao.DataIntegrityViolationException: 
could not execute statement [ERROR: update or delete on table "plats" violates foreign key constraint "fk5mibuthu8ele2q3xyve64er5q" on table "lignes_commande"
  Detail: Key (id)=(96) is still referenced from table "lignes_commande".] [delete from plats where id=?]; SQL [delete from plats where id=?]; constraint [fk5mibuthu8ele2q3xyve64er5q]
	at org.springframework.orm.jpa.hibernate.HibernateExceptionTranslator.convertHibernateAccessException(HibernateExceptionTranslator.java:169)
	at org.springframework.orm.jpa.hibernate.HibernateExceptionTranslator.convertHibernateAccessException(HibernateExceptionTranslator.java:131)
	at org.springframework.orm.jpa.hibernate.HibernateExceptionTranslator.translateExceptionIfPossible(HibernateExceptionTranslator.java:105)
	at org.springframework.orm.jpa.vendor.HibernateJpaDialect.translateExceptionIfPossible(HibernateJpaDialect.java:199)
	at org.springframework.orm.jpa.JpaTransactionManager.doCommit(JpaTransactionManager.java:557)
	at org.springframework.transaction.support.AbstractPlatformTransactionManager.processCommit(AbstractPlatformTransactionManager.java:794)
	at org.springframework.transaction.support.AbstractPlatformTransactionManager.commit(AbstractPlatformTransactionManager.java:757)
	at org.springframework.transaction.interceptor.TransactionAspectSupport.commitTransactionAfterReturning(TransactionAspectSupport.java:687)
	at org.springframework.transaction.interceptor.TransactionAspectSupport.invokeWithinTransaction(TransactionAspectSupport.java:408)
	at org.springframework.transaction.interceptor.TransactionInterceptor.invoke(TransactionInterceptor.java:130)
	at org.springframework.aop.framework.ReflectiveMethodInvocation.proceed(ReflectiveMethodInvocation.java:179)
	at org.springframework.dao.support.PersistenceExceptionTranslationInterceptor.invoke(PersistenceExceptionTranslationInterceptor.java:135)
	at org.springframework.aop.framework.ReflectiveMethodInvocation.proceed(ReflectiveMethodInvocation.java:179)
	at org.springframework.data.jpa.repository.support.CrudMethodMetadataPostProcessor$CrudMethodMetadataPopulatingMethodInterceptor.invoke(CrudMethodMetadataPostProcessor.java:166)
	at org.springframework.aop.framework.ReflectiveMethodInvocation.proceed(ReflectiveMethodInvocation.java:179)
	at org.springframework.aop.framework.JdkDynamicAopProxy.invoke(JdkDynamicAopProxy.java:222)
	at jdk.proxy2/jdk.proxy2.$Proxy258.deleteById(Unknown Source)
	at ma.mysuguclientapp.PushNotificationTest.tearDown(PushNotificationTest.java:353)
Caused by: org.hibernate.exception.ConstraintViolationException: could not execute statement [ERROR: update or delete on table "plats" violates foreign key constraint "fk5mibuthu8ele2q3xyve64er5q" on table "lignes_commande"
  Detail: Key (id)=(96) is still referenced from table "lignes_commande".] [delete from plats where id=?]
	at org.hibernate.exception.internal.SQLStateConversionDelegate.convert(SQLStateConversionDelegate.java:73)
	at org.hibernate.exception.internal.StandardSQLExceptionConverter.convert(StandardSQLExceptionConverter.java:34)
	at org.hibernate.engine.jdbc.spi.SqlExceptionHelper.convert(SqlExceptionHelper.java:115)
	at org.hibernate.engine.jdbc.internal.ResultSetReturnImpl.executeUpdate(ResultSetReturnImpl.java:184)
	at org.hibernate.engine.jdbc.mutation.internal.AbstractMutationExecutor.performNonBatchedMutation(AbstractMutationExecutor.java:145)
	at org.hibernate.engine.jdbc.mutation.internal.MutationExecutorSingleNonBatched.performNonBatchedOperations(MutationExecutorSingleNonBatched.java:53)
	at org.hibernate.engine.jdbc.mutation.internal.AbstractMutationExecutor.execute(AbstractMutationExecutor.java:66)
	at org.hibernate.persister.entity.mutation.AbstractDeleteCoordinator.doStaticDelete(AbstractDeleteCoordinator.java:268)
	at org.hibernate.persister.entity.mutation.AbstractDeleteCoordinator.delete(AbstractDeleteCoordinator.java:79)
	at org.hibernate.action.internal.EntityDeleteAction.execute(EntityDeleteAction.java:119)
	at org.hibernate.engine.spi.ActionQueue.executeActions(ActionQueue.java:634)
	at org.hibernate.engine.spi.ActionQueue.executeActions(ActionQueue.java:505)
	at org.hibernate.event.internal.AbstractFlushingEventListener.performExecutions(AbstractFlushingEventListener.java:381)
	at org.hibernate.event.internal.DefaultFlushEventListener.onFlush(DefaultFlushEventListener.java:40)
	at org.hibernate.event.service.internal.EventListenerGroupImpl.fireEventOnEachListener(EventListenerGroupImpl.java:138)
	at org.hibernate.internal.SessionImpl.fireFlush(SessionImpl.java:1489)
	at org.hibernate.internal.SessionImpl.managedFlush(SessionImpl.java:481)
	at org.hibernate.internal.SessionImpl.flushBeforeTransactionCompletion(SessionImpl.java:2116)
	at org.hibernate.internal.SessionImpl.beforeTransactionCompletion(SessionImpl.java:2038)
	at org.hibernate.engine.jdbc.internal.JdbcCoordinatorImpl.beforeTransactionCompletion(JdbcCoordinatorImpl.java:410)
	at org.hibernate.resource.transaction.backend.jdbc.internal.JdbcResourceLocalTransactionCoordinatorImpl.beforeCompletionCallback(JdbcResourceLocalTransactionCoordinatorImpl.java:166)
	at org.hibernate.resource.transaction.backend.jdbc.internal.JdbcResourceLocalTransactionCoordinatorImpl$TransactionDriverControlImpl.commitNoRollbackOnly(JdbcResourceLocalTransactionCoordinatorImpl.java:248)
	at org.hibernate.resource.transaction.backend.jdbc.internal.JdbcResourceLocalTransactionCoordinatorImpl$TransactionDriverControlImpl.commit(JdbcResourceLocalTransactionCoordinatorImpl.java:242)
	at org.hibernate.engine.transaction.internal.TransactionImpl.commit(TransactionImpl.java:89)
	at org.springframework.orm.jpa.JpaTransactionManager.doCommit(JpaTransactionManager.java:553)
	... 13 more
Caused by: org.postgresql.util.PSQLException: ERROR: update or delete on table "plats" violates foreign key constraint "fk5mibuthu8ele2q3xyve64er5q" on table "lignes_commande"
  Detail: Key (id)=(96) is still referenced from table "lignes_commande".
	at org.postgresql.core.v3.QueryExecutorImpl.receiveErrorResponse(QueryExecutorImpl.java:2846)
	at org.postgresql.core.v3.QueryExecutorImpl.processResults(QueryExecutorImpl.java:2531)
	at org.postgresql.core.v3.QueryExecutorImpl.execute(QueryExecutorImpl.java:429)
	at org.postgresql.jdbc.PgStatement.executeInternal(PgStatement.java:526)
	at org.postgresql.jdbc.PgStatement.execute(PgStatement.java:436)
	at org.postgresql.jdbc.PgPreparedStatement.executeWithFlags(PgPreparedStatement.java:196)
	at org.postgresql.jdbc.PgPreparedStatement.executeUpdate(PgPreparedStatement.java:157)
	at com.zaxxer.hikari.pool.ProxyPreparedStatement.executeUpdate(ProxyPreparedStatement.java:61)
	at com.zaxxer.hikari.pool.HikariProxyPreparedStatement.executeUpdate(HikariProxyPreparedStatement.java)
	at org.hibernate.engine.jdbc.internal.ResultSetReturnImpl.executeUpdate(ResultSetReturnImpl.java:181)
	... 34 more

2026-07-12T18:58:07.335+01:00  WARN 66028 --- [MySuguClientApp-test] [           main] m.m.s.implementations.AppleAuthService   : Echec validation token Apple: Invalid JWT serialization: Missing dot delimiter(s)
2026-07-12T18:58:07.351+01:00  INFO 66028 --- [MySuguClientApp-test] [           main] t.c.s.AnnotationConfigContextLoaderUtils : Could not detect default configuration classes for test class [ma.mysuguclientapp.services.CodePromoUpdateTest]: CodePromoUpdateTest does not declare any static, non-private, non-final, nested classes annotated with @Configuration.
2026-07-12T18:58:08.013+01:00  INFO 66028 --- [MySuguClientApp-test] [           main] .b.t.c.SpringBootTestContextBootstrapper : Found @SpringBootConfiguration ma.mysuguclientapp.MySuguClientAppApplication for test class ma.mysuguclientapp.services.CodePromoUpdateTest
2026-07-12T18:58:08.015+01:00  INFO 66028 --- [MySuguClientApp-test] [           main] o.s.m.s.b.SimpleBrokerMessageHandler     : Stopping...
2026-07-12T18:58:08.015+01:00  INFO 66028 --- [MySuguClientApp-test] [           main] o.s.m.s.b.SimpleBrokerMessageHandler     : BrokerAvailabilityEvent[available=false, SimpleBrokerMessageHandler [org.springframework.messaging.simp.broker.DefaultSubscriptionRegistry@488a426c]]
2026-07-12T18:58:08.015+01:00  INFO 66028 --- [MySuguClientApp-test] [           main] o.s.m.s.b.SimpleBrokerMessageHandler     : Stopped.
2026-07-12T18:58:08.016+01:00  INFO 66028 --- [MySuguClientApp-test] [           main] o.s.m.s.b.SimpleBrokerMessageHandler     : Starting...
2026-07-12T18:58:08.016+01:00  INFO 66028 --- [MySuguClientApp-test] [           main] o.s.m.s.b.SimpleBrokerMessageHandler     : BrokerAvailabilityEvent[available=true, SimpleBrokerMessageHandler [org.springframework.messaging.simp.broker.DefaultSubscriptionRegistry@5134b8df]]
2026-07-12T18:58:08.016+01:00  INFO 66028 --- [MySuguClientApp-test] [           main] o.s.m.s.b.SimpleBrokerMessageHandler     : Started.
2026-07-12T18:58:08.835+01:00  INFO 66028 --- [MySuguClientApp-test] [           main] t.c.s.AnnotationConfigContextLoaderUtils : Could not detect default configuration classes for test class [ma.mysuguclientapp.VerticalFilterTest]: VerticalFilterTest does not declare any static, non-private, non-final, nested classes annotated with @Configuration.
2026-07-12T18:58:08.837+01:00  INFO 66028 --- [MySuguClientApp-test] [           main] .b.t.c.SpringBootTestContextBootstrapper : Found @SpringBootConfiguration ma.mysuguclientapp.MySuguClientAppApplication for test class ma.mysuguclientapp.VerticalFilterTest
2026-07-12T18:58:08.905+01:00  INFO 66028 --- [MySuguClientApp-test] [           main] t.c.s.AnnotationConfigContextLoaderUtils : Could not detect default configuration classes for test class [ma.mysuguclientapp.ZoneAttenteNotificationServiceTest]: ZoneAttenteNotificationServiceTest does not declare any static, non-private, non-final, nested classes annotated with @Configuration.
2026-07-12T18:58:08.908+01:00  INFO 66028 --- [MySuguClientApp-test] [           main] .b.t.c.SpringBootTestContextBootstrapper : Found @SpringBootConfiguration ma.mysuguclientapp.MySuguClientAppApplication for test class ma.mysuguclientapp.ZoneAttenteNotificationServiceTest
[ERROR] Failures: 
[ERROR]   PushNotificationTest.autoAssign_livreurReceivesLivreurAssigneNotification:217 
Expecting value to be true but was false
[ERROR]   PushNotificationTest.cancelCommande_livreurBecomesAvailableAgain:283 
Expecting actual not to be null
[ERROR]   PushNotificationTest.confirmCommande_withLivreurDisponible_autoAssigns:196 
Expecting actual not to be null
[ERROR]   PushNotificationTest.getAvailableLivreurs_filtersbyDisponibleAndRadius:240 
Expecting empty but was: [UserDTO(id=223, email=test.livreur.push@mysugu.test, nom=LivreurPush, prenom=Test, telephone=null, role=LIVREUR, avatar=null, localisation=LocalisationDTO(latitude=33.585, longitude=-7.605, adresse=Avenue Hassan II, ville=Casablanca, codePostal=null, pays=Maroc), isActive=true, livreurDisponible=true, createdAt=2026-07-12T18:58:06.369593)]
[ERROR] Errors: 
[ERROR]   PushNotificationTest.deliveryCompleted_livreurBecomesAvailableAgain:261->updateStatut:412 » BadRequest Transition de statut invalide: PRETE -> EN_COURS
[ERROR]   PushNotificationTest.manualReassign_releasesOldLivreur:315 NullPointer Cannot invoke "ma.mysuguclientapp.entities.User.getId()" because the return value of "ma.mysuguclientapp.entities.Commande.getLivreur()" is null
[ERROR]   PushNotificationTest.tearDown:353 » DataIntegrityViolation could not execute statement [ERROR: update or delete on table "plats" violates foreign key constraint "fk5mibuthu8ele2q3xyve64er5q" on table "lignes_commande"
  Detail: Key (id)=(96) is still referenced from table "lignes_commande".] [delete from plats where id=?]; SQL [delete from plats where id=?]; constraint [fk5mibuthu8ele2q3xyve64er5q]
[ERROR] Tests run: 172, Failures: 4, Errors: 3, Skipped: 0
[ERROR] Failed to execute goal org.apache.maven.plugins:maven-surefire-plugin:3.5.4:test (default-test) on project MySuguClientApp: There are test failures.
[ERROR] 
[ERROR] See /mnt/c/Users/Issiaka traoré/Desktop/systalink/mysugu/mysugu-app-api-dev/target/surefire-reports for the individual test results.
[ERROR] See dump files (if any exist) [date].dump, [date]-jvmRun[N].dump and [date].dumpstream.
[ERROR] -> [Help 1]
[ERROR] 
[ERROR] To see the full stack trace of the errors, re-run Maven with the -e switch.
[ERROR] Re-run Maven using the -X switch to enable full debug logging.
[ERROR] 
[ERROR] For more information about the errors and possible solutions, please read the following articles:
[ERROR] [Help 1] http://cwiki.apache.org/confluence/display/MAVEN/MojoFailureException
